level_0,level_1,0,1,2,3,4,5,6,7,8,9
contribution,0,-3.0523619755352716,0.0,-20.499258640501044,-0.37829076292095887,-0.9589309694059114,-1.8413114349432873,-4.969443014621551,1.5043998297374812,33.29544738253795,-1.6155948880982056
contribution,1,-0.6973897065618981,0.0,32.06806530233857,10.01110074909078,-0.9434439928488736,-1.3488744747501813,0.0,0.0,-19.335315013591256,2.049592872759277
contribution,2,-4.472270866214714,0.0,-22.905392495140138,-1.6126019510634808,-0.9589309694059114,-1.8413114349432873,-2.2489330861958305,-1.4536304799586497,11.49053306521273,-0.12209466092813304
contribution,3,-1.3354718765985027,0.0,1.6986626061432781,-11.120711948739851,-1.7978632232164382,-0.11283942559596816,-14.262191268091106,0.0,37.46802091324585,5.5823903293132995
contribution,4,-0.6802122030502709,0.0,19.139801435317832,-4.189924265696645,2.348622786049855,-0.9227818156029954,0.10407408972610632,0.0,10.45098416098995,-2.266768864848364
contribution,5,1.7648522934289175,0.832981518897407,-8.035913760314001,-1.951109187670239,-0.9022248529776746,-0.06647450698031054,-8.137424399399304,0.0,-23.58330458536092,0.0
contribution,6,0.7230977778231611,0.832981518897407,-8.162001091643011,-1.2838345723131455,3.3628380883713493,-0.06647450698031054,-6.608955068898519,0.0,-28.290104616423168,0.0
contribution,7,0.7086224659919491,0.0,4.9444881743859925,-10.242997033732498,-2.8090994371482227,-1.9067805100508122,8.963875735786422,0.0,34.504611698085924,8.715705739805756
contribution,8,-5.559652434459263,0.832981518897407,-8.759873972198092,-0.2606414334825189,-0.9022248529776746,-0.8178758622877909,-9.276123944139057,0.0,-18.543823250198262,-0.21617940591592566
contribution,9,0.0,0.0,6.168084470645,27.093732223225373,0.9847438479536827,5.030421842650685,0.10407408972610632,0.0,34.97424132771556,4.322909698432836
contribution,10,-0.6802122030502709,-1.919622907599646,13.281912077417932,-3.950656625978039,2.348622786049855,0.0,4.623865337760339,0.0,5.910185869675854,-1.8389320247852128
contribution,11,0.7086224659919491,0.0,1.7790363681866839,-3.8388404390296036,4.273363002859647,0.7497602251774333,8.314471752461458,0.0,33.504758385847005,5.435399756061534
contribution,12,0.7230977778231611,0.832981518897407,-11.518391827631689,1.849051249309019,-0.9022248529776746,0.4096354864546914,-6.608955068898519,0.0,-27.98466735931039,0.0
contribution,13,-0.8402111635340876,0.0,-9.995992639992041,-0.341634520639277,-0.22168627450980471,-1.3558148387379543,6.560046728563548,0.0,-21.05536592679846,0.09408474498779262
contribution,14,2.0548274490972034,-1.919622907599646,-22.905392495140138,-1.6126019510634808,-4.2246235654685895,0.0,8.186960158388727,2.059309846608088,11.49053306521273,-1.7542203560063554
contribution,15,-3.0523619755352716,0.0,-20.499258640501044,-6.1639113488040636,-0.9589309694059114,-1.8413114349432873,-4.969443014621551,-2.0085404968292564,33.29544738253795,-1.6155948880982056
contribution,16,-1.8900829389052651,0.0,20.321824912239844,-12.612875360999803,-1.2686044414148698,-1.843396594808577,0.0,0.0,-38.42034816819792,-0.20680632970699053
contribution,17,0.7086224659919491,-1.919622907599646,-6.9833396861038235,-0.37829076292095887,2.348622786049855,0.0,2.3615651724917432,-0.5549100168706067,33.504758385847005,-4.5172501449590925
contribution,18,3.5121823694376157,0.0,-10.122079971321051,0.32564009471781663,-2.3703707199754893,-0.6162047766518151,6.034235328328789,0.0,-36.06680354998352,-4.479907029548213
contribution,19,-0.8402111635340876,-2.7295928571428574,-9.995992639992041,-0.12402484337663777,11.084313725490192,12.807542175170733,6.560046728563548,0.0,-21.812090164216837,4.9959731005429955
contribution,20,0.7086224659919491,0.0,0.3229669065596241,-24.875223192824343,2.348622786049855,0.941315000776942,8.963875735786422,0.0,31.117650710320476,5.5823903293132995
contribution,21,-4.1533062795817735,0.0,-10.122079971321051,0.32564009471781663,3.79259315196078,-0.6162047766518151,6.034235328328789,0.0,-36.06680354998352,-4.479907029548213
contribution,22,0.060007353516383866,-2.840810321425116,-8.162001091643011,0.282608338497937,-0.9022248529776746,-0.06647450698031054,-6.608955068898519,0.0,-28.290104616423168,0.0
contribution,23,1.818452413555466,0.0,-24.626345739252006,-7.041626263811416,-4.2246235654685895,17.749181681503615,-11.283249533214253,-2.0085404968292564,33.29544738253795,-4.311611191668226
contribution,24,-3.0523619755352716,0.0,-20.12292393140771,-1.4651229051880381,-1.9695023979773432,-1.8413114349432873,-2.7777594446418363,1.5043998297374812,33.29544738253795,-1.6155948880982056
contribution,25,-4.472270866214714,0.0,-22.905392495140138,-1.6126019510634808,-0.9589309694059114,-1.8413114349432873,-2.2489330861958305,2.059309846608088,11.49053306521273,-0.12209466092813304
contribution,26,0.7086224659919491,-1.919622907599646,-6.9833396861038235,-20.796137507895907,2.348622786049855,0.0,8.684758225472834,-0.5549100168706067,35.295089142491896,-4.5172501449590925
contribution,27,-0.6802122030502709,6.282904359491901,13.281912077417932,-3.950656625978039,2.348622786049855,0.0,3.043020030686666,0.0,10.45098416098995,-3.1084615865678775
contribution,28,1.7648522934289175,0.34186576473287644,-13.768152890748784,1.1817766339519253,0.0,-0.06647450698031054,-8.137424399399304,0.0,-23.58330458536092,-4.6109275362318805
contribution,29,0.7230977778231611,-1.4733472624936068,-1.6210739079504202,5.006248114845363,-0.9022248529776746,10.56944660986955,-6.608955068898519,0.0,-27.606317654900536,0.0
contribution,30,-2.2311064089579125,-2.840810321425116,-8.162001091643011,0.282608338497937,-0.9022248529776746,-0.06647450698031054,-6.608955068898519,0.0,-28.290104616423168,0.0
contribution,31,-4.864592704269267,0.0,-9.995992639992041,-0.341634520639277,-0.22168627450980471,-1.3558148387379543,6.560046728563548,0.0,-21.05536592679846,-2.613240362881545
contribution,32,0.0,0.0,6.9197030590956485,10.996512049838532,2.6841074429817757,0.7497602251774333,0.10407408972610632,0.0,13.264427927885944,-2.0599625351413735
contribution,33,-0.12892473884659417,0.0,-10.122079971321051,0.32564009471781663,-0.22168627450980471,-1.3558148387379543,5.752141511013132,0.0,-25.762165957860706,4.9959731005429955
contribution,34,0.7086224659919491,0.0,0.3229669065596241,-7.2670250219482995,-6.43036140438168,0.0,-0.9159227343550767,0.0,33.504758385847005,5.435399756061534
contribution,35,-2.2455180833017314,-2.7295928571428574,-10.719952851876132,-0.05374461690724619,-0.22168627450980471,1.4202197030133927,5.421347183823796,0.0,-16.015884591635803,-0.12209466092813304
contribution,36,0.0,0.0,3.089222880542459,26.04468052898689,2.9040238120593065,2.9044848270769466,0.10407408972610632,0.0,33.974388015476634,-2.0599625351413735
contribution,37,-0.12892473884659417,0.0,-10.122079971321051,-2.111362848325491,3.79259315196078,-0.6162047766518151,6.034235328328789,0.0,-36.06680354998352,-1.7725819216788745
contribution,38,0.7086224659919491,0.0,0.3229669065596241,-24.875223192824343,-1.7978632232164382,0.941315000776942,-0.9159227343550767,0.0,35.08091323771933,5.5823903293132995
contribution,39,-0.12892473884659417,0.0,-10.122079971321051,0.32564009471781663,3.79259315196078,-0.6162047766518151,5.752141511013132,0.0,-31.227405075805123,4.9959731005429955
contribution,40,0.060007353516383866,0.34186576473287644,-13.894240222077794,0.282608338497937,0.0,-0.06647450698031054,-6.608955068898519,0.0,-28.290104616423168,1.6273861892583161
contribution,41,0.7086224659919491,0.0,1.7790363681866839,-6.403178988522669,2.348622786049855,-0.9227818156029954,-1.5653267176800412,0.0,33.504758385847005,-0.947472477512675
contribution,42,0.7086224659919491,-1.919622907599646,-6.9833396861038235,-20.796137507895907,2.348622786049855,0.0,8.684758225472834,-0.5549100168706067,31.117650710320476,-1.1245008799528609
contribution,43,0.7086224659919491,-1.919622907599646,-4.078852989713216,-6.1639113488040636,2.348622786049855,0.0,8.684758225472834,-2.987332787876281,33.504758385847005,-5.257516555368715
contribution,44,1.9259027102506092,0.0,-9.995992639992041,-0.341634520639277,-0.22168627450980471,-1.3558148387379543,6.560046728563548,0.0,-21.05536592679846,0.09408474498779262
contribution,45,0.0,0.0,0.0,0.0,0.0,0.0,0.0,0.0,0.0,0.0
contribution,46,0.0,0.0,0.0,0.0,0.0,0.0,0.0,0.0,0.0,0.0
contribution,47,0.0,0.0,0.0,0.0,0.0,0.0,0.0,0.0,0.0,0.0
contribution,48,0.0,0.0,0.0,0.0,0.0,0.0,0.0,0.0,0.0,0.0
contribution,49,0.0,0.0,0.0,0.0,0.0,0.0,0.0,0.0,0.0,0.0
contribution,50,0.0,0.0,0.0,0.0,0.0,0.0,0.0,0.0,0.0,0.0
contribution,51,0.0,0.0,0.0,0.0,0.0,0.0,0.0,0.0,0.0,0.0
contribution,52,0.0,0.0,0.0,0.0,0.0,0.0,0.0,0.0,0.0,0.0
contribution,53,0.0,0.0,0.0,0.0,0.0,0.0,0.0,0.0,0.0,0.0
contribution,54,0.0,0.0,0.0,0.0,0.0,0.0,0.0,0.0,0.0,0.0
contribution,55,0.0,0.0,0.0,0.0,0.0,0.0,0.0,0.0,0.0,0.0
contribution,56,0.0,0.0,0.0,0.0,0.0,0.0,0.0,0.0,0.0,0.0
contribution,57,0.0,0.0,0.0,0.0,0.0,0.0,0.0,0.0,0.0,0.0
contribution,58,0.0,0.0,0.0,0.0,0.0,0.0,0.0,0.0,0.0,0.0
contribution,59,0.0,0.0,0.0,0.0,0.0,0.0,0.0,0.0,0.0,0.0
contribution,60,0.0,0.0,0.0,0.0,0.0,0.0,0.0,0.0,0.0,0.0
contribution,61,0.0,0.0,0.0,0.0,0.0,0.0,0.0,0.0,0.0,0.0
contribution,62,0.0,0.0,0.0,0.0,0.0,0.0,0.0,0.0,0.0,0.0
contribution,63,0.0,0.0,0.0,0.0,0.0,0.0,0.0,0.0,0.0,0.0
contribution,64,0.0,0.0,0.0,0.0,0.0,0.0,0.0,0.0,0.0,0.0
contribution,65,0.0,0.0,0.0,0.0,0.0,0.0,0.0,0.0,0.0,0.0
contribution,66,0.0,0.0,0.0,0.0,0.0,0.0,0.0,0.0,0.0,0.0
contribution,67,0.0,0.0,0.0,0.0,0.0,0.0,0.0,0.0,0.0,0.0
contribution,68,0.0,0.0,0.0,0.0,0.0,0.0,0.0,0.0,0.0,0.0
contribution,69,0.0,0.0,0.0,0.0,0.0,0.0,0.0,0.0,0.0,0.0
contribution,70,0.0,0.0,0.0,0.0,0.0,0.0,0.0,0.0,0.0,0.0
contribution,71,0.0,0.0,0.0,0.0,0.0,0.0,0.0,0.0,0.0,0.0
contribution,72,0.0,0.0,0.0,0.0,0.0,0.0,0.0,0.0,0.0,0.0
contribution,73,0.0,0.0,0.0,0.0,0.0,0.0,0.0,0.0,0.0,0.0
contribution,74,0.0,0.0,0.0,0.0,0.0,0.0,0.0,0.0,0.0,0.0
contribution,75,0.0,0.0,0.0,0.0,0.0,0.0,0.0,0.0,0.0,0.0
contribution,76,0.0,0.0,0.0,0.0,0.0,0.0,0.0,0.0,0.0,0.0
contribution,77,0.0,0.0,0.0,0.0,0.0,0.0,0.0,0.0,0.0,0.0
contribution,78,0.0,0.0,0.0,0.0,0.0,0.0,0.0,0.0,0.0,0.0
contribution,79,0.0,0.0,0.0,0.0,0.0,0.0,0.0,0.0,0.0,0.0
contribution,80,0.0,0.0,0.0,0.0,0.0,0.0,0.0,0.0,0.0,0.0
contribution,81,0.0,0.0,0.0,0.0,0.0,0.0,0.0,0.0,0.0,0.0
contribution,82,0.0,0.0,0.0,0.0,0.0,0.0,0.0,0.0,0.0,0.0
contribution,83,0.0,0.0,0.0,0.0,0.0,0.0,0.0,0.0,0.0,0.0
contribution,84,0.0,0.0,0.0,0.0,0.0,0.0,0.0,0.0,0.0,0.0
contribution,85,0.0,0.0,0.0,0.0,0.0,0.0,0.0,0.0,0.0,0.0
contribution,86,0.0,0.0,0.0,0.0,0.0,0.0,0.0,0.0,0.0,0.0
contribution,87,0.0,0.0,0.0,0.0,0.0,0.0,0.0,0.0,0.0,0.0
contribution,88,0.0,0.0,0.0,0.0,0.0,0.0,0.0,0.0,0.0,0.0
contribution,89,0.0,0.0,0.0,0.0,0.0,0.0,0.0,0.0,0.0,0.0
contribution,90,0.0,0.0,0.0,0.0,0.0,0.0,0.0,0.0,0.0,0.0
contribution,91,0.0,0.0,0.0,0.0,0.0,0.0,0.0,0.0,0.0,0.0
contribution,92,0.0,0.0,0.0,0.0,0.0,0.0,0.0,0.0,0.0,0.0
contribution,93,0.0,0.0,0.0,0.0,0.0,0.0,0.0,0.0,0.0,0.0
contribution,94,0.0,0.0,0.0,0.0,0.0,0.0,0.0,0.0,0.0,0.0
contribution,95,0.0,0.0,0.0,0.0,0.0,0.0,0.0,0.0,0.0,0.0
contribution,96,0.0,0.0,0.0,0.0,0.0,0.0,0.0,0.0,0.0,0.0
contribution,97,0.0,0.0,0.0,0.0,0.0,0.0,0.0,0.0,0.0,0.0
contribution,98,0.0,0.0,0.0,0.0,0.0,0.0,0.0,0.0,0.0,0.0
contribution,99,0.0,0.0,0.0,0.0,0.0,0.0,0.0,0.0,0.0,0.0
contribution,100,0.0,0.0,0.0,0.0,0.0,0.0,0.0,0.0,0.0,0.0
contribution,101,0.0,0.0,0.0,0.0,0.0,0.0,0.0,0.0,0.0,0.0
contribution,102,0.0,0.0,0.0,0.0,0.0,0.0,0.0,0.0,0.0,0.0
contribution,103,0.0,0.0,0.0,0.0,0.0,0.0,0.0,0.0,0.0,0.0
contribution,104,0.0,0.0,0.0,0.0,0.0,0.0,0.0,0.0,0.0,0.0
contribution,105,0.0,0.0,0.0,0.0,0.0,0.0,0.0,0.0,0.0,0.0
contribution,106,0.0,0.0,0.0,0.0,0.0,0.0,0.0,0.0,0.0,0.0
contribution,107,0.0,0.0,0.0,0.0,0.0,0.0,0.0,0.0,0.0,0.0
contribution,108,0.0,0.0,0.0,0.0,0.0,0.0,0.0,0.0,0.0,0.0
contribution,109,0.0,0.0,0.0,0.0,0.0,0.0,0.0,0.0,0.0,0.0
contribution,110,0.0,0.0,0.0,0.0,0.0,0.0,0.0,0.0,0.0,0.0
contribution,111,0.0,0.0,0.0,0.0,0.0,0.0,0.0,0.0,0.0,0.0
contribution,112,0.0,0.0,0.0,0.0,0.0,0.0,0.0,0.0,0.0,0.0
contribution,113,0.0,0.0,0.0,0.0,0.0,0.0,0.0,0.0,0.0,0.0
contribution,114,0.0,0.0,0.0,0.0,0.0,0.0,0.0,0.0,0.0,0.0
contribution,115,0.0,0.0,0.0,0.0,0.0,0.0,0.0,0.0,0.0,0.0
contribution,116,0.0,0.0,0.0,0.0,0.0,0.0,0.0,0.0,0.0,0.0
contribution,117,0.0,0.0,0.0,0.0,0.0,0.0,0.0,0.0,0.0,0.0
contribution,118,0.0,0.0,0.0,0.0,0.0,0.0,0.0,0.0,0.0,0.0
contribution,119,0.0,0.0,0.0,0.0,0.0,0.0,0.0,0.0,0.0,0.0
contribution,120,0.0,0.0,0.0,0.0,0.0,0.0,0.0,0.0,0.0,0.0
contribution,121,0.0,0.0,0.0,0.0,0.0,0.0,0.0,0.0,0.0,0.0
contribution,122,0.0,0.0,0.0,0.0,0.0,0.0,0.0,0.0,0.0,0.0
contribution,123,0.0,0.0,0.0,0.0,0.0,0.0,0.0,0.0,0.0,0.0
contribution,124,0.0,0.0,0.0,0.0,0.0,0.0,0.0,0.0,0.0,0.0
contribution,125,0.0,0.0,0.0,0.0,0.0,0.0,0.0,0.0,0.0,0.0
contribution,126,0.0,0.0,0.0,0.0,0.0,0.0,0.0,0.0,0.0,0.0
contribution,127,0.0,0.0,0.0,0.0,0.0,0.0,0.0,0.0,0.0,0.0
contribution,128,0.0,0.0,0.0,0.0,0.0,0.0,0.0,0.0,0.0,0.0
contribution,129,0.0,0.0,0.0,0.0,0.0,0.0,0.0,0.0,0.0,0.0
contribution,130,0.0,0.0,0.0,0.0,0.0,0.0,0.0,0.0,0.0,0.0
contribution,131,0.0,0.0,0.0,0.0,0.0,0.0,0.0,0.0,0.0,0.0
contribution,132,0.0,0.0,0.0,0.0,0.0,0.0,0.0,0.0,0.0,0.0
contribution,133,0.0,0.0,0.0,0.0,0.0,0.0,0.0,0.0,0.0,0.0
contribution,134,0.0,0.0,0.0,0.0,0.0,0.0,0.0,0.0,0.0,0.0
contribution,135,0.0,0.0,0.0,0.0,0.0,0.0,0.0,0.0,0.0,0.0
contribution,136,0.0,0.0,0.0,0.0,0.0,0.0,0.0,0.0,0.0,0.0
contribution,137,0.0,0.0,0.0,0.0,0.0,0.0,0.0,0.0,0.0,0.0
contribution,138,0.0,0.0,0.0,0.0,0.0,0.0,0.0,0.0,0.0,0.0
contribution,139,0.0,0.0,0.0,0.0,0.0,0.0,0.0,0.0,0.0,0.0
contribution,140,0.0,0.0,0.0,0.0,0.0,0.0,0.0,0.0,0.0,0.0
contribution,141,0.0,0.0,0.0,0.0,0.0,0.0,0.0,0.0,0.0,0.0
contribution,142,0.0,0.0,0.0,0.0,0.0,0.0,0.0,0.0,0.0,0.0
contribution,143,0.0,0.0,0.0,0.0,0.0,0.0,0.0,0.0,0.0,0.0
contribution,144,0.0,0.0,0.0,0.0,0.0,0.0,0.0,0.0,0.0,0.0
contribution,145,0.0,0.0,0.0,0.0,0.0,0.0,0.0,0.0,0.0,0.0
contribution,146,0.0,0.0,0.0,0.0,0.0,0.0,0.0,0.0,0.0,0.0
contribution,147,0.0,0.0,0.0,0.0,0.0,0.0,0.0,0.0,0.0,0.0
contribution,148,0.0,0.0,0.0,0.0,0.0,0.0,0.0,0.0,0.0,0.0
contribution,149,0.0,0.0,0.0,0.0,0.0,0.0,0.0,0.0,0.0,0.0
contribution,150,0.0,0.0,0.0,0.0,0.0,0.0,0.0,0.0,0.0,0.0
contribution,151,0.0,0.0,0.0,0.0,0.0,0.0,0.0,0.0,0.0,0.0
contribution,152,0.0,0.0,0.0,0.0,0.0,0.0,0.0,0.0,0.0,0.0
contribution,153,0.0,0.0,0.0,0.0,0.0,0.0,0.0,0.0,0.0,0.0
contribution,154,0.0,0.0,0.0,0.0,0.0,0.0,0.0,0.0,0.0,0.0
contribution,155,0.0,0.0,0.0,0.0,0.0,0.0,0.0,0.0,0.0,0.0
contribution,156,0.0,0.0,0.0,0.0,0.0,0.0,0.0,0.0,0.0,0.0
contribution,157,0.0,0.0,0.0,0.0,0.0,0.0,0.0,0.0,0.0,0.0
contribution,158,0.0,0.0,0.0,0.0,0.0,0.0,0.0,0.0,0.0,0.0
contribution,159,0.0,0.0,0.0,0.0,0.0,0.0,0.0,0.0,0.0,0.0
contribution,160,0.0,0.0,0.0,0.0,0.0,0.0,0.0,0.0,0.0,0.0
contribution,161,0.0,0.0,0.0,0.0,0.0,0.0,0.0,0.0,0.0,0.0
contribution,162,0.0,0.0,0.0,0.0,0.0,0.0,0.0,0.0,0.0,0.0
contribution,163,0.0,0.0,0.0,0.0,0.0,0.0,0.0,0.0,0.0,0.0
contribution,164,0.0,0.0,0.0,0.0,0.0,0.0,0.0,0.0,0.0,0.0
contribution,165,0.0,0.0,0.0,0.0,0.0,0.0,0.0,0.0,0.0,0.0
contribution,166,0.0,0.0,0.0,0.0,0.0,0.0,0.0,0.0,0.0,0.0
contribution,167,0.0,0.0,0.0,0.0,0.0,0.0,0.0,0.0,0.0,0.0
contribution,168,0.0,0.0,0.0,0.0,0.0,0.0,0.0,0.0,0.0,0.0
contribution,169,0.0,0.0,0.0,0.0,0.0,0.0,0.0,0.0,0.0,0.0
contribution,170,0.0,0.0,0.0,0.0,0.0,0.0,0.0,0.0,0.0,0.0
contribution,171,0.0,0.0,0.0,0.0,0.0,0.0,0.0,0.0,0.0,0.0
contribution,172,0.0,0.0,0.0,0.0,0.0,0.0,0.0,0.0,0.0,0.0
contribution,173,0.0,0.0,0.0,0.0,0.0,0.0,0.0,0.0,0.0,0.0
contribution,174,0.0,0.0,0.0,0.0,0.0,0.0,0.0,0.0,0.0,0.0
contribution,175,0.0,0.0,0.0,0.0,0.0,0.0,0.0,0.0,0.0,0.0
contribution,176,0.0,0.0,0.0,0.0,0.0,0.0,0.0,0.0,0.0,0.0
contribution,177,0.0,0.0,0.0,0.0,0.0,0.0,0.0,0.0,0.0,0.0
contribution,178,0.0,0.0,0.0,0.0,0.0,0.0,0.0,0.0,0.0,0.0
contribution,179,0.0,0.0,0.0,0.0,0.0,0.0,0.0,0.0,0.0,0.0
contribution,180,0.0,0.0,0.0,0.0,0.0,0.0,0.0,0.0,0.0,0.0
contribution,181,0.0,0.0,0.0,0.0,0.0,0.0,0.0,0.0,0.0,0.0
contribution,182,0.0,0.0,0.0,0.0,0.0,0.0,0.0,0.0,0.0,0.0
contribution,183,0.0,0.0,0.0,0.0,0.0,0.0,0.0,0.0,0.0,0.0
contribution,184,0.0,0.0,0.0,0.0,0.0,0.0,0.0,0.0,0.0,0.0
contribution,185,0.0,0.0,0.0,0.0,0.0,0.0,0.0,0.0,0.0,0.0
contribution,186,0.0,0.0,0.0,0.0,0.0,0.0,0.0,0.0,0.0,0.0
contribution,187,0.0,0.0,0.0,0.0,0.0,0.0,0.0,0.0,0.0,0.0
contribution,188,0.0,0.0,0.0,0.0,0.0,0.0,0.0,0.0,0.0,0.0
contribution,189,0.0,0.0,0.0,0.0,0.0,0.0,0.0,0.0,0.0,0.0
contribution,190,0.0,0.0,0.0,0.0,0.0,0.0,0.0,0.0,0.0,0.0
contribution,191,0.0,0.0,0.0,0.0,0.0,0.0,0.0,0.0,0.0,0.0
contribution,192,0.0,0.0,0.0,0.0,0.0,0.0,0.0,0.0,0.0,0.0
contribution,193,0.0,0.0,0.0,0.0,0.0,0.0,0.0,0.0,0.0,0.0
contribution,194,0.0,0.0,0.0,0.0,0.0,0.0,0.0,0.0,0.0,0.0
contribution,195,0.0,0.0,0.0,0.0,0.0,0.0,0.0,0.0,0.0,0.0
contribution,196,0.0,0.0,0.0,0.0,0.0,0.0,0.0,0.0,0.0,0.0
contribution,197,0.0,0.0,0.0,0.0,0.0,0.0,0.0,0.0,0.0,0.0
contribution,198,0.0,0.0,0.0,0.0,0.0,0.0,0.0,0.0,0.0,0.0
contribution,199,0.0,0.0,0.0,0.0,0.0,0.0,0.0,0.0,0.0,0.0
contribution,200,0.0,0.0,0.0,0.0,0.0,0.0,0.0,0.0,0.0,0.0
contribution,201,0.0,0.0,0.0,0.0,0.0,0.0,0.0,0.0,0.0,0.0
contribution,202,0.0,0.0,0.0,0.0,0.0,0.0,0.0,0.0,0.0,0.0
contribution,203,0.0,0.0,0.0,0.0,0.0,0.0,0.0,0.0,0.0,0.0
contribution,204,0.0,0.0,0.0,0.0,0.0,0.0,0.0,0.0,0.0,0.0
contribution,205,0.0,0.0,0.0,0.0,0.0,0.0,0.0,0.0,0.0,0.0
contribution,206,0.0,0.0,0.0,0.0,0.0,0.0,0.0,0.0,0.0,0.0
contribution,207,0.0,0.0,0.0,0.0,0.0,0.0,0.0,0.0,0.0,0.0
contribution,208,0.0,0.0,0.0,0.0,0.0,0.0,0.0,0.0,0.0,0.0
contribution,209,0.0,0.0,0.0,0.0,0.0,0.0,0.0,0.0,0.0,0.0
contribution,210,0.0,0.0,0.0,0.0,0.0,0.0,0.0,0.0,0.0,0.0
contribution,211,0.0,0.0,0.0,0.0,0.0,0.0,0.0,0.0,0.0,0.0
contribution,212,0.0,0.0,0.0,0.0,0.0,0.0,0.0,0.0,0.0,0.0
contribution,213,0.0,0.0,0.0,0.0,0.0,0.0,0.0,0.0,0.0,0.0
contribution,214,0.0,0.0,0.0,0.0,0.0,0.0,0.0,0.0,0.0,0.0
contribution,215,0.0,0.0,0.0,0.0,0.0,0.0,0.0,0.0,0.0,0.0
contribution,216,0.0,0.0,0.0,0.0,0.0,0.0,0.0,0.0,0.0,0.0
contribution,217,0.0,0.0,0.0,0.0,0.0,0.0,0.0,0.0,0.0,0.0
contribution,218,0.0,0.0,0.0,0.0,0.0,0.0,0.0,0.0,0.0,0.0
contribution,219,0.0,0.0,0.0,0.0,0.0,0.0,0.0,0.0,0.0,0.0
contribution,220,0.0,0.0,0.0,0.0,0.0,0.0,0.0,0.0,0.0,0.0
contribution,221,0.0,0.0,0.0,0.0,0.0,0.0,0.0,0.0,0.0,0.0
contribution,222,0.0,0.0,0.0,0.0,0.0,0.0,0.0,0.0,0.0,0.0
contribution,223,0.0,0.0,0.0,0.0,0.0,0.0,0.0,0.0,0.0,0.0
contribution,224,0.0,0.0,0.0,0.0,0.0,0.0,0.0,0.0,0.0,0.0
contribution,225,0.0,0.0,0.0,0.0,0.0,0.0,0.0,0.0,0.0,0.0
contribution,226,0.0,0.0,0.0,0.0,0.0,0.0,0.0,0.0,0.0,0.0
contribution,227,0.0,0.0,0.0,0.0,0.0,0.0,0.0,0.0,0.0,0.0
contribution,228,0.0,0.0,0.0,0.0,0.0,0.0,0.0,0.0,0.0,0.0
contribution,229,0.0,0.0,0.0,0.0,0.0,0.0,0.0,0.0,0.0,0.0
contribution,230,0.0,0.0,0.0,0.0,0.0,0.0,0.0,0.0,0.0,0.0
contribution,231,0.0,0.0,0.0,0.0,0.0,0.0,0.0,0.0,0.0,0.0
contribution,232,0.0,0.0,0.0,0.0,0.0,0.0,0.0,0.0,0.0,0.0
contribution,233,0.0,0.0,0.0,0.0,0.0,0.0,0.0,0.0,0.0,0.0
contribution,234,0.0,0.0,0.0,0.0,0.0,0.0,0.0,0.0,0.0,0.0
contribution,235,0.0,0.0,0.0,0.0,0.0,0.0,0.0,0.0,0.0,0.0
contribution,236,0.0,0.0,0.0,0.0,0.0,0.0,0.0,0.0,0.0,0.0
contribution,237,0.0,0.0,0.0,0.0,0.0,0.0,0.0,0.0,0.0,0.0
contribution,238,0.0,0.0,0.0,0.0,0.0,0.0,0.0,0.0,0.0,0.0
contribution,239,0.0,0.0,0.0,0.0,0.0,0.0,0.0,0.0,0.0,0.0
contribution,240,0.0,0.0,0.0,0.0,0.0,0.0,0.0,0.0,0.0,0.0
contribution,241,0.0,0.0,0.0,0.0,0.0,0.0,0.0,0.0,0.0,0.0
contribution,242,0.0,0.0,0.0,0.0,0.0,0.0,0.0,0.0,0.0,0.0
contribution,243,0.0,0.0,0.0,0.0,0.0,0.0,0.0,0.0,0.0,0.0
contribution,244,0.0,0.0,0.0,0.0,0.0,0.0,0.0,0.0,0.0,0.0
contribution,245,0.0,0.0,0.0,0.0,0.0,0.0,0.0,0.0,0.0,0.0
contribution,246,0.0,0.0,0.0,0.0,0.0,0.0,0.0,0.0,0.0,0.0
contribution,247,0.0,0.0,0.0,0.0,0.0,0.0,0.0,0.0,0.0,0.0
contribution,248,0.0,0.0,0.0,0.0,0.0,0.0,0.0,0.0,0.0,0.0
contribution,249,0.0,0.0,0.0,0.0,0.0,0.0,0.0,0.0,0.0,0.0
contribution,250,0.0,0.0,0.0,0.0,0.0,0.0,0.0,0.0,0.0,0.0
contribution,251,0.0,0.0,0.0,0.0,0.0,0.0,0.0,0.0,0.0,0.0
contribution,252,0.0,0.0,0.0,0.0,0.0,0.0,0.0,0.0,0.0,0.0
contribution,253,0.0,0.0,0.0,0.0,0.0,0.0,0.0,0.0,0.0,0.0
contribution,254,0.0,0.0,0.0,0.0,0.0,0.0,0.0,0.0,0.0,0.0
contribution,255,0.0,0.0,0.0,0.0,0.0,0.0,0.0,0.0,0.0,0.0
contribution,256,0.0,0.0,0.0,0.0,0.0,0.0,0.0,0.0,0.0,0.0
contribution,257,0.0,0.0,0.0,0.0,0.0,0.0,0.0,0.0,0.0,0.0
contribution,258,0.0,0.0,0.0,0.0,0.0,0.0,0.0,0.0,0.0,0.0
contribution,259,0.0,0.0,0.0,0.0,0.0,0.0,0.0,0.0,0.0,0.0
contribution,260,0.0,0.0,0.0,0.0,0.0,0.0,0.0,0.0,0.0,0.0
contribution,261,0.0,0.0,0.0,0.0,0.0,0.0,0.0,0.0,0.0,0.0
contribution,262,0.0,0.0,0.0,0.0,0.0,0.0,0.0,0.0,0.0,0.0
contribution,263,0.0,0.0,0.0,0.0,0.0,0.0,0.0,0.0,0.0,0.0
contribution,264,0.0,0.0,0.0,0.0,0.0,0.0,0.0,0.0,0.0,0.0
contribution,265,0.0,0.0,0.0,0.0,0.0,0.0,0.0,0.0,0.0,0.0
contribution,266,0.0,0.0,0.0,0.0,0.0,0.0,0.0,0.0,0.0,0.0
contribution,267,0.0,0.0,0.0,0.0,0.0,0.0,0.0,0.0,0.0,0.0
contribution,268,0.0,0.0,0.0,0.0,0.0,0.0,0.0,0.0,0.0,0.0
contribution,269,0.0,0.0,0.0,0.0,0.0,0.0,0.0,0.0,0.0,0.0
contribution,270,0.0,0.0,0.0,0.0,0.0,0.0,0.0,0.0,0.0,0.0
contribution,271,0.0,0.0,0.0,0.0,0.0,0.0,0.0,0.0,0.0,0.0
contribution,272,0.0,0.0,0.0,0.0,0.0,0.0,0.0,0.0,0.0,0.0
contribution,273,0.0,0.0,0.0,0.0,0.0,0.0,0.0,0.0,0.0,0.0
contribution,274,0.0,0.0,0.0,0.0,0.0,0.0,0.0,0.0,0.0,0.0
contribution,275,0.0,0.0,0.0,0.0,0.0,0.0,0.0,0.0,0.0,0.0
contribution,276,0.0,0.0,0.0,0.0,0.0,0.0,0.0,0.0,0.0,0.0
contribution,277,0.0,0.0,0.0,0.0,0.0,0.0,0.0,0.0,0.0,0.0
contribution,278,0.0,0.0,0.0,0.0,0.0,0.0,0.0,0.0,0.0,0.0
contribution,279,0.0,0.0,0.0,0.0,0.0,0.0,0.0,0.0,0.0,0.0
contribution,280,0.0,0.0,0.0,0.0,0.0,0.0,0.0,0.0,0.0,0.0
contribution,281,0.0,0.0,0.0,0.0,0.0,0.0,0.0,0.0,0.0,0.0
contribution,282,0.0,0.0,0.0,0.0,0.0,0.0,0.0,0.0,0.0,0.0
contribution,283,0.0,0.0,0.0,0.0,0.0,0.0,0.0,0.0,0.0,0.0
contribution,284,0.0,0.0,0.0,0.0,0.0,0.0,0.0,0.0,0.0,0.0
contribution,285,0.0,0.0,0.0,0.0,0.0,0.0,0.0,0.0,0.0,0.0
contribution,286,0.0,0.0,0.0,0.0,0.0,0.0,0.0,0.0,0.0,0.0
contribution,287,0.0,0.0,0.0,0.0,0.0,0.0,0.0,0.0,0.0,0.0
contribution,288,0.0,0.0,0.0,0.0,0.0,0.0,0.0,0.0,0.0,0.0
contribution,289,0.0,0.0,0.0,0.0,0.0,0.0,0.0,0.0,0.0,0.0
contribution,290,0.0,0.0,0.0,0.0,0.0,0.0,0.0,0.0,0.0,0.0
contribution,291,0.0,0.0,0.0,0.0,0.0,0.0,0.0,0.0,0.0,0.0
contribution,292,0.0,0.0,0.0,0.0,0.0,0.0,0.0,0.0,0.0,0.0
contribution,293,0.0,0.0,0.0,0.0,0.0,0.0,0.0,0.0,0.0,0.0
contribution,294,0.0,0.0,0.0,0.0,0.0,0.0,0.0,0.0,0.0,0.0
contribution,295,0.0,0.0,0.0,0.0,0.0,0.0,0.0,0.0,0.0,0.0
contribution,296,0.0,0.0,0.0,0.0,0.0,0.0,0.0,0.0,0.0,0.0
contribution,297,0.0,0.0,0.0,0.0,0.0,0.0,0.0,0.0,0.0,0.0
contribution,298,0.0,0.0,0.0,0.0,0.0,0.0,0.0,0.0,0.0,0.0
contribution,299,0.0,0.0,0.0,0.0,0.0,0.0,0.0,0.0,0.0,0.0
contribution,300,0.0,0.0,0.0,0.0,0.0,0.0,0.0,0.0,0.0,0.0
contribution,301,0.0,0.0,0.0,0.0,0.0,0.0,0.0,0.0,0.0,0.0
contribution,302,0.0,0.0,0.0,0.0,0.0,0.0,0.0,0.0,0.0,0.0
contribution,303,0.0,0.0,0.0,0.0,0.0,0.0,0.0,0.0,0.0,0.0
contribution,304,0.0,0.0,0.0,0.0,0.0,0.0,0.0,0.0,0.0,0.0
contribution,305,0.0,0.0,0.0,0.0,0.0,0.0,0.0,0.0,0.0,0.0
contribution,306,0.0,0.0,0.0,0.0,0.0,0.0,0.0,0.0,0.0,0.0
contribution,307,0.0,0.0,0.0,0.0,0.0,0.0,0.0,0.0,0.0,0.0
contribution,308,0.0,0.0,0.0,0.0,0.0,0.0,0.0,0.0,0.0,0.0
contribution,309,0.0,0.0,0.0,0.0,0.0,0.0,0.0,0.0,0.0,0.0
contribution,310,0.0,0.0,0.0,0.0,0.0,0.0,0.0,0.0,0.0,0.0
contribution,311,0.0,0.0,0.0,0.0,0.0,0.0,0.0,0.0,0.0,0.0
contribution,312,0.0,0.0,0.0,0.0,0.0,0.0,0.0,0.0,0.0,0.0
contribution,313,0.0,0.0,0.0,0.0,0.0,0.0,0.0,0.0,0.0,0.0
contribution,314,0.0,0.0,0.0,0.0,0.0,0.0,0.0,0.0,0.0,0.0
contribution,315,0.0,0.0,0.0,0.0,0.0,0.0,0.0,0.0,0.0,0.0
contribution,316,0.0,0.0,0.0,0.0,0.0,0.0,0.0,0.0,0.0,0.0
contribution,317,0.0,0.0,0.0,0.0,0.0,0.0,0.0,0.0,0.0,0.0
contribution,318,0.0,0.0,0.0,0.0,0.0,0.0,0.0,0.0,0.0,0.0
contribution,319,0.0,0.0,0.0,0.0,0.0,0.0,0.0,0.0,0.0,0.0
contribution,320,0.0,0.0,0.0,0.0,0.0,0.0,0.0,0.0,0.0,0.0
contribution,321,0.0,0.0,0.0,0.0,0.0,0.0,0.0,0.0,0.0,0.0
contribution,322,0.0,0.0,0.0,0.0,0.0,0.0,0.0,0.0,0.0,0.0
contribution,323,0.0,0.0,0.0,0.0,0.0,0.0,0.0,0.0,0.0,0.0
contribution,324,0.0,0.0,0.0,0.0,0.0,0.0,0.0,0.0,0.0,0.0
contribution,325,0.0,0.0,0.0,0.0,0.0,0.0,0.0,0.0,0.0,0.0
contribution,326,0.0,0.0,0.0,0.0,0.0,0.0,0.0,0.0,0.0,0.0
contribution,327,0.0,0.0,0.0,0.0,0.0,0.0,0.0,0.0,0.0,0.0
contribution,328,0.0,0.0,0.0,0.0,0.0,0.0,0.0,0.0,0.0,0.0
contribution,329,0.0,0.0,0.0,0.0,0.0,0.0,0.0,0.0,0.0,0.0
contribution,330,0.0,0.0,0.0,0.0,0.0,0.0,0.0,0.0,0.0,0.0
contribution,331,0.0,0.0,0.0,0.0,0.0,0.0,0.0,0.0,0.0,0.0
contribution,332,0.0,0.0,0.0,0.0,0.0,0.0,0.0,0.0,0.0,0.0
contribution,333,0.0,0.0,0.0,0.0,0.0,0.0,0.0,0.0,0.0,0.0
contribution,334,0.0,0.0,0.0,0.0,0.0,0.0,0.0,0.0,0.0,0.0
contribution,335,0.0,0.0,0.0,0.0,0.0,0.0,0.0,0.0,0.0,0.0
contribution,336,0.0,0.0,0.0,0.0,0.0,0.0,0.0,0.0,0.0,0.0
contribution,337,0.0,0.0,0.0,0.0,0.0,0.0,0.0,0.0,0.0,0.0
contribution,338,0.0,0.0,0.0,0.0,0.0,0.0,0.0,0.0,0.0,0.0
contribution,339,0.0,0.0,0.0,0.0,0.0,0.0,0.0,0.0,0.0,0.0
contribution,340,0.0,0.0,0.0,0.0,0.0,0.0,0.0,0.0,0.0,0.0
contribution,341,0.0,0.0,0.0,0.0,0.0,0.0,0.0,0.0,0.0,0.0
contribution,342,0.0,0.0,0.0,0.0,0.0,0.0,0.0,0.0,0.0,0.0
contribution,343,0.0,0.0,0.0,0.0,0.0,0.0,0.0,0.0,0.0,0.0
contribution,344,0.0,0.0,0.0,0.0,0.0,0.0,0.0,0.0,0.0,0.0
contribution,345,0.0,0.0,0.0,0.0,0.0,0.0,0.0,0.0,0.0,0.0
contribution,346,0.0,0.0,0.0,0.0,0.0,0.0,0.0,0.0,0.0,0.0
contribution,347,0.0,0.0,0.0,0.0,0.0,0.0,0.0,0.0,0.0,0.0
contribution,348,0.0,0.0,0.0,0.0,0.0,0.0,0.0,0.0,0.0,0.0
contribution,349,0.0,0.0,0.0,0.0,0.0,0.0,0.0,0.0,0.0,0.0
contribution,350,0.0,0.0,0.0,0.0,0.0,0.0,0.0,0.0,0.0,0.0
contribution,351,0.0,0.0,0.0,0.0,0.0,0.0,0.0,0.0,0.0,0.0
contribution,352,0.0,0.0,0.0,0.0,0.0,0.0,0.0,0.0,0.0,0.0
contribution,353,0.0,0.0,0.0,0.0,0.0,0.0,0.0,0.0,0.0,0.0
contribution,354,0.0,0.0,0.0,0.0,0.0,0.0,0.0,0.0,0.0,0.0
contribution,355,0.0,0.0,0.0,0.0,0.0,0.0,0.0,0.0,0.0,0.0
contribution,356,0.0,0.0,0.0,0.0,0.0,0.0,0.0,0.0,0.0,0.0
contribution,357,0.0,0.0,0.0,0.0,0.0,0.0,0.0,0.0,0.0,0.0
contribution,358,0.0,0.0,0.0,0.0,0.0,0.0,0.0,0.0,0.0,0.0
contribution,359,0.0,0.0,0.0,0.0,0.0,0.0,0.0,0.0,0.0,0.0
contribution,360,0.0,0.0,0.0,0.0,0.0,0.0,0.0,0.0,0.0,0.0
contribution,361,0.0,0.0,0.0,0.0,0.0,0.0,0.0,0.0,0.0,0.0
contribution,362,0.0,0.0,0.0,0.0,0.0,0.0,0.0,0.0,0.0,0.0
contribution,363,0.0,0.0,0.0,0.0,0.0,0.0,0.0,0.0,0.0,0.0
contribution,364,0.0,0.0,0.0,0.0,0.0,0.0,0.0,0.0,0.0,0.0
contribution,365,0.0,0.0,0.0,0.0,0.0,0.0,0.0,0.0,0.0,0.0
contribution,366,0.0,0.0,0.0,0.0,0.0,0.0,0.0,0.0,0.0,0.0
contribution,367,0.0,0.0,0.0,0.0,0.0,0.0,0.0,0.0,0.0,0.0
contribution,368,0.0,0.0,0.0,0.0,0.0,0.0,0.0,0.0,0.0,0.0
contribution,369,0.0,0.0,0.0,0.0,0.0,0.0,0.0,0.0,0.0,0.0
contribution,370,0.0,0.0,0.0,0.0,0.0,0.0,0.0,0.0,0.0,0.0
contribution,371,0.0,0.0,0.0,0.0,0.0,0.0,0.0,0.0,0.0,0.0
contribution,372,0.0,0.0,0.0,0.0,0.0,0.0,0.0,0.0,0.0,0.0
contribution,373,0.0,0.0,0.0,0.0,0.0,0.0,0.0,0.0,0.0,0.0
contribution,374,0.0,0.0,0.0,0.0,0.0,0.0,0.0,0.0,0.0,0.0
contribution,375,0.0,0.0,0.0,0.0,0.0,0.0,0.0,0.0,0.0,0.0
contribution,376,0.0,0.0,0.0,0.0,0.0,0.0,0.0,0.0,0.0,0.0
contribution,377,0.0,0.0,0.0,0.0,0.0,0.0,0.0,0.0,0.0,0.0
contribution,378,0.0,0.0,0.0,0.0,0.0,0.0,0.0,0.0,0.0,0.0
contribution,379,0.0,0.0,0.0,0.0,0.0,0.0,0.0,0.0,0.0,0.0
contribution,380,0.0,0.0,0.0,0.0,0.0,0.0,0.0,0.0,0.0,0.0
contribution,381,0.0,0.0,0.0,0.0,0.0,0.0,0.0,0.0,0.0,0.0
contribution,382,0.0,0.0,0.0,0.0,0.0,0.0,0.0,0.0,0.0,0.0
contribution,383,0.0,0.0,0.0,0.0,0.0,0.0,0.0,0.0,0.0,0.0
contribution,384,0.0,0.0,0.0,0.0,0.0,0.0,0.0,0.0,0.0,0.0
contribution,385,0.0,0.0,0.0,0.0,0.0,0.0,0.0,0.0,0.0,0.0
contribution,386,0.0,0.0,0.0,0.0,0.0,0.0,0.0,0.0,0.0,0.0
contribution,387,0.0,0.0,0.0,0.0,0.0,0.0,0.0,0.0,0.0,0.0
contribution,388,0.0,0.0,0.0,0.0,0.0,0.0,0.0,0.0,0.0,0.0
contribution,389,0.0,0.0,0.0,0.0,0.0,0.0,0.0,0.0,0.0,0.0
contribution,390,0.0,0.0,0.0,0.0,0.0,0.0,0.0,0.0,0.0,0.0
contribution,391,0.0,0.0,0.0,0.0,0.0,0.0,0.0,0.0,0.0,0.0
contribution,392,0.0,0.0,0.0,0.0,0.0,0.0,0.0,0.0,0.0,0.0
contribution,393,0.0,0.0,0.0,0.0,0.0,0.0,0.0,0.0,0.0,0.0
contribution,394,0.0,0.0,0.0,0.0,0.0,0.0,0.0,0.0,0.0,0.0
contribution,395,0.0,0.0,0.0,0.0,0.0,0.0,0.0,0.0,0.0,0.0
contribution,396,0.0,0.0,0.0,0.0,0.0,0.0,0.0,0.0,0.0,0.0
contribution,397,0.0,0.0,0.0,0.0,0.0,0.0,0.0,0.0,0.0,0.0
contribution,398,0.0,0.0,0.0,0.0,0.0,0.0,0.0,0.0,0.0,0.0
contribution,399,0.0,0.0,0.0,0.0,0.0,0.0,0.0,0.0,0.0,0.0
contribution,400,0.0,0.0,0.0,0.0,0.0,0.0,0.0,0.0,0.0,0.0
contribution,401,0.0,0.0,0.0,0.0,0.0,0.0,0.0,0.0,0.0,0.0
contribution,402,0.0,0.0,0.0,0.0,0.0,0.0,0.0,0.0,0.0,0.0
contribution,403,0.0,0.0,0.0,0.0,0.0,0.0,0.0,0.0,0.0,0.0
contribution,404,0.0,0.0,0.0,0.0,0.0,0.0,0.0,0.0,0.0,0.0
contribution,405,0.0,0.0,0.0,0.0,0.0,0.0,0.0,0.0,0.0,0.0
contribution,406,0.0,0.0,0.0,0.0,0.0,0.0,0.0,0.0,0.0,0.0
contribution,407,0.0,0.0,0.0,0.0,0.0,0.0,0.0,0.0,0.0,0.0
contribution,408,0.0,0.0,0.0,0.0,0.0,0.0,0.0,0.0,0.0,0.0
contribution,409,0.0,0.0,0.0,0.0,0.0,0.0,0.0,0.0,0.0,0.0
contribution,410,0.0,0.0,0.0,0.0,0.0,0.0,0.0,0.0,0.0,0.0
contribution,411,0.0,0.0,0.0,0.0,0.0,0.0,0.0,0.0,0.0,0.0
contribution,412,0.0,0.0,0.0,0.0,0.0,0.0,0.0,0.0,0.0,0.0
contribution,413,0.0,0.0,0.0,0.0,0.0,0.0,0.0,0.0,0.0,0.0
contribution,414,0.0,0.0,0.0,0.0,0.0,0.0,0.0,0.0,0.0,0.0
contribution,415,0.0,0.0,0.0,0.0,0.0,0.0,0.0,0.0,0.0,0.0
contribution,416,0.0,0.0,0.0,0.0,0.0,0.0,0.0,0.0,0.0,0.0
contribution,417,0.0,0.0,0.0,0.0,0.0,0.0,0.0,0.0,0.0,0.0
contribution,418,0.0,0.0,0.0,0.0,0.0,0.0,0.0,0.0,0.0,0.0
contribution,419,0.0,0.0,0.0,0.0,0.0,0.0,0.0,0.0,0.0,0.0
contribution,420,0.0,0.0,0.0,0.0,0.0,0.0,0.0,0.0,0.0,0.0
contribution,421,0.0,0.0,0.0,0.0,0.0,0.0,0.0,0.0,0.0,0.0
contribution,422,0.0,0.0,0.0,0.0,0.0,0.0,0.0,0.0,0.0,0.0
contribution,423,0.0,0.0,0.0,0.0,0.0,0.0,0.0,0.0,0.0,0.0
contribution,424,0.0,0.0,0.0,0.0,0.0,0.0,0.0,0.0,0.0,0.0
contribution,425,0.0,0.0,0.0,0.0,0.0,0.0,0.0,0.0,0.0,0.0
contribution,426,0.0,0.0,0.0,0.0,0.0,0.0,0.0,0.0,0.0,0.0
contribution,427,0.0,0.0,0.0,0.0,0.0,0.0,0.0,0.0,0.0,0.0
contribution,428,0.0,0.0,0.0,0.0,0.0,0.0,0.0,0.0,0.0,0.0
contribution,429,0.0,0.0,0.0,0.0,0.0,0.0,0.0,0.0,0.0,0.0
contribution,430,0.0,0.0,0.0,0.0,0.0,0.0,0.0,0.0,0.0,0.0
contribution,431,0.0,0.0,0.0,0.0,0.0,0.0,0.0,0.0,0.0,0.0
contribution,432,0.0,0.0,0.0,0.0,0.0,0.0,0.0,0.0,0.0,0.0
contribution,433,0.0,0.0,0.0,0.0,0.0,0.0,0.0,0.0,0.0,0.0
contribution,434,0.0,0.0,0.0,0.0,0.0,0.0,0.0,0.0,0.0,0.0
contribution,435,0.0,0.0,0.0,0.0,0.0,0.0,0.0,0.0,0.0,0.0
contribution,436,0.0,0.0,0.0,0.0,0.0,0.0,0.0,0.0,0.0,0.0
contribution,437,0.0,0.0,0.0,0.0,0.0,0.0,0.0,0.0,0.0,0.0
contribution,438,0.0,0.0,0.0,0.0,0.0,0.0,0.0,0.0,0.0,0.0
contribution,439,0.0,0.0,0.0,0.0,0.0,0.0,0.0,0.0,0.0,0.0
contribution,440,0.0,0.0,0.0,0.0,0.0,0.0,0.0,0.0,0.0,0.0
contribution,441,0.0,0.0,0.0,0.0,0.0,0.0,0.0,0.0,0.0,0.0
shap,0,-1.2323753199825438,0.6398296925767513,-17.4331422617843,-1.9940780222412986,-0.7462684951443975,-0.8535775540492563,-2.11598882896394,0.46145347427661837,26.486533029538798,-1.7277301879772247
shap,1,-0.42504972367253724,-0.20974587297802513,26.038366775797332,8.684976535439969,-0.49425928746243697,-0.7172848739819873,1.5915193918176893,0.1909031788351102,-14.167148394837987,1.311458007479302
shap,2,-2.1937933266160834,0.643179896709055,-21.146282436240863,-1.816429840750277,-0.03544306381643521,-0.8207781450699871,-3.0221624303759675,-0.6467432255954612,5.1172257607273695,-0.20340606760877522
shap,3,-1.0519741290608007,0.360338832143004,10.70614153642478,-9.17855530129925,-2.034492226155404,-0.9598478203268497,-10.275118519245419,0.04863101490519804,26.92275101890189,1.5821217001733952
shap,4,-0.3108900071746526,0.6928747139916046,12.296882331170242,-3.743234966239235,1.5200887838541015,0.13638014354687025,1.6692089715255802,0.046170010114815446,13.751743372506965,-2.0754280304108534
shap,5,0.29550353064968715,0.917025683563593,-12.057926317627729,-5.449895245098421,-0.9978685265201614,-0.1433156289792378,-7.383719611995049,-0.0469465748115768,-14.785680476728547,-0.4257943128286806
shap,6,-0.5075238223178359,0.7080351565164724,-9.190789062999919,-2.07077404330493,1.1823273694991072,1.9624547488890236,-3.2149960430914,-0.193434527857225,-27.25279593392255,-0.9149563125770006
shap,7,-0.010475995871623033,-0.2673232906035409,7.135281556241312,-5.773818158372506,-2.5841026344148914,-0.5658092246281266,7.238364621021379,0.5368857988897151,29.736712969025536,7.432711191837262
shap,8,-3.3814033002500756,0.84089055876774,-9.985927389005887,-4.605665025043106,-0.07722765796547493,-0.70697093802465,-8.17506286942366,-0.0818448064738094,-16.830934369447117,-0.499267839895116
shap,9,-0.2605626445012574,-0.19309947167696576,13.05785020144749,16.291330769013825,0.7700095708078428,2.5932069370358444,4.02466791218124,0.18122329750050895,38.12471845011284,4.088862478427855
shap,10,-1.3043345649246831,-0.9951331164464046,12.066751933906831,-2.5037177117687057,1.0654312667886705,-1.0509169085382395,4.82768816335597,-0.07350877735292648,7.484229564790985,-1.7413275403207085
shap,11,0.0032501895846260833,-0.29984131673815945,10.666160719421587,-0.31677906439345527,2.9438945412016184,2.147372708238951,5.723957260199556,-0.11261483380946298,27.429242807928322,2.7419285059224894
shap,12,-0.01805471870380873,0.7080351565164724,-9.063649644095504,-0.6919878467104014,0.20084185022192153,-0.14309682033263846,-6.6478943916118,-0.07925018740014897,-26.95904622898369,-0.5053702452344022
shap,13,-0.25962589040394146,-0.48395028748762814,-7.753475481041193,-2.3019918769168464,0.17567115578713655,-0.5475280472931386,4.511133030522013,0.02001058903561306,-20.36587333497729,-0.15094374788503784
shap,14,1.0195875710248825,-1.0030564704475537,-18.655638046028763,-3.426063200901821,-0.525481506765809,1.1129832439387326,5.059880190128793,0.8552908093250623,8.963177131746082,-2.0255104779910855
shap,15,-1.7656523808951388,0.34529608550854435,-22.531704455055973,-5.709129494927929,0.002592869142244228,-0.7256816152751582,-3.806744984668014,-0.8797953313719217,24.951115562070754,2.3057983592719706
shap,16,-0.5859043228063089,0.25984260585293617,9.533583724773651,-8.069531888022814,-0.43037215435611276,-0.703447141715611,0.8388587041882956,0.20191775764392025,-36.89586954217677,-0.06936666517478927
shap,17,0.3717669199505441,-1.0197325921065155,-8.479135604685322,-1.4194130864167833,1.1319887316954973,0.5795558688497398,2.144587203926462,-0.2572432787774181,33.65022871777997,-2.132447588289761
shap,18,1.3498177521399028,-0.5276588538418366,-11.175933673819989,-4.28262048698514,-1.119284568805209,-0.1368645131526979,3.4565286718155726,-0.038388726293777736,-29.414660955666147,-1.8942429003865782
shap,19,-0.4283231657869045,-1.4342850952234922,-9.121225324920603,1.655804626257519,3.7592366290398576,6.335819472617848,7.387459427220006,0.040747114503366544,-11.481025780469658,3.2317561582670673
shap,20,-0.27613694338290146,0.4246367517275439,2.8824722544602412,-16.60264572342729,0.8114009177200782,0.15024836862024799,7.985362635535389,0.8901904261321832,22.99789755978547,5.846794494803252
shap,21,-2.21547799829407,-0.5006264091465898,-11.063528770177703,-1.541786816200187,0.891290576335415,-0.2889428226392203,1.39777027198574,-0.08113969019811067,-28.289978611631007,-3.59341276211329
shap,22,3.350752107333939,-1.500584829049079,-18.872255249645512,-1.7456922632851037,-1.0354133935796304,0.18947195326512536,-7.398292547738832,-0.13358317839115894,-19.26956961287788,-0.11278775236535596
shap,23,0.11074858610629018,0.6840024126595037,-20.067753167571304,-6.886091081365355,-1.899055716263011,10.15222186957146,-8.412250534107564,-0.9106145360096172,28.52805432392086,-1.9321774695879277
shap,24,-1.8359960755510716,0.5519407638522291,-18.279701556544904,0.694447011893592,-2.146849748042204,-1.471741441988931,-3.6211035495266275,0.5266010397736746,26.385966277081888,1.1517075135360866
shap,25,-2.853075576806264,-0.4916452691308244,-18.27695830455252,-2.7483629759802577,-0.17097494337390437,-1.655074669422893,-0.12136532135579488,0.8329207816634324,4.890742385120263,-0.017898658231907744
shap,26,0.4780058017410583,-1.0197325921065155,-7.824310800573463,-13.816628832281076,1.8169415409970082,1.1866244972890971,6.88805510140165,-0.5889699022088528,27.4623037840098,-2.3164562416912506
shap,27,-1.2879043426567636,2.8635216236448,12.051954664668495,-6.1767570095704,1.4637040480561012,-0.8610567678230412,5.246505214878604,-0.07869536603735629,16.111479808578377,-1.6646388746987282
shap,28,1.3014758688886958,0.7437236648615859,-14.998563667674793,-1.490027128089115,-1.1122400784892896,-0.008095238587231591,-9.8080347636618,-0.19939775730136364,-19.15278863242532,-2.1538414941288724
shap,29,0.8303922744068564,-1.185156607749908,-6.5083595108453975,9.00358116745033,-0.5337395683922525,5.203005252240091,-5.64861567088892,-0.0006642902714305835,-22.35723132226868,-0.7163379683633654
shap,30,-1.8721570416721602,-1.500584829049079,-6.570932386921349,-4.482101481838345,0.02433191170652467,-0.2707012210613241,-7.18505403555833,-0.0818448064738094,-27.304229317822394,0.42420467988247285
shap,31,-3.0469657951485978,0.43169769434003125,-12.399237995898842,-5.258949849860822,-0.04160914373863099,-0.8930304219007189,3.925962122602406,-0.038388726293777736,-13.921468304884323,-2.646290118481523
shap,32,-0.6791786522056387,0.3034454206077467,14.867167382323073,12.974690919007891,1.1506530033219147,0.5014725373275435,0.13753888963824182,0.05468918599133937,3.5105370890719594,-0.16239351552000772
shap,33,-1.5923471413458645,0.4619122515012376,-11.037210733184901,-1.9018125353000952,-0.6345267261092479,-0.9411546688295758,3.7722147093513025,-0.13358317839115894,-16.478711685198917,1.9683026325050363
shap,34,1.1090376008137515,0.30371334645411946,4.665038916846064,-6.316974528319289,-3.9269681430297156,-0.4516497804374924,-0.41982671314200903,-0.08907252223335188,26.852487641186993,3.6326525356359847
shap,35,-1.6144731995861006,-1.4336345271716102,-11.402806683530672,-1.8418932145845799,-0.008270938387577587,-0.5171970422572019,3.9376300034557516,0.16396244730852363,-12.820815385193452,0.27059149048239456
shap,36,-0.6774612956313195,0.3101158692713314,13.157521207788564,21.674385451494942,1.3472983997310153,1.2910192841006087,0.21588975973680877,0.2867148918254795,30.222920594325075,-0.8674925439155315
shap,37,3.2201960085148094,0.4685827001648223,-15.50123578586487,-5.796086253017071,1.2910728142973693,0.003636378660133343,1.2212871231228324,-0.193434527857225,-24.656270403749563,-1.0488773807890397
shap,38,-0.46818416703199645,0.7853749296577082,5.768022323203008,-18.70369051466811,-1.7619452112941425,-0.15753799180075073,1.9518674610848237,-0.12874992682293854,25.47766488294149,2.284377004696198
shap,39,1.901751970542955,-0.5006264091465898,-13.872118742732058,-1.4969692015332952,1.3707216055121305,0.29609667657246436,4.020197815185366,-0.13358317839115894,-20.854025694687632,2.0402884542879174
shap,40,2.8602750693900547,0.5347331378144653,-20.08547030814915,-1.716304108988872,2.237856417506077,1.38717490013176,-7.485588455134396,-0.05249946998806955,-25.038212116594927,0.8101281656387712
shap,41,-0.06055275298906025,-0.37406513566473454,9.442431021239203,-4.458170278862811,0.8820936030213749,-0.9210857244741097,0.8947979943436108,-0.2856145386841478,24.542537844252568,-1.1600920254248042
shap,42,0.8763137036102743,-1.0197325921065155,-6.095865018138664,-14.526446927159425,0.8182664720402741,0.1206117504660349,7.651672807617594,-0.6132409401778189,26.66983067157543,-2.4002667383149054
shap,43,0.10507743292935426,-0.9505022616749956,2.7886735256902706,-5.64987262790297,1.104406221939815,0.15383017868865564,7.344808915373842,-1.2696773747462817,24.383087759364614,-3.1703064956626132
shap,44,1.0744920150642991,0.43169769434003125,-11.709377426816324,-4.934250560335631,0.07454858849322721,1.2582289504721123,5.986967037796429,-0.2506912582496306,-15.118858995645686,-1.2032160619944126
shap,45,0.0,0.0,0.0,0.0,0.0,0.0,0.0,0.0,0.0,0.0
shap,46,0.0,0.0,0.0,0.0,0.0,0.0,0.0,0.0,0.0,0.0
shap,47,0.0,0.0,0.0,0.0,0.0,0.0,0.0,0.0,0.0,0.0
shap,48,0.0,0.0,0.0,0.0,0.0,0.0,0.0,0.0,0.0,0.0
shap,49,0.0,0.0,0.0,0.0,0.0,0.0,0.0,0.0,0.0,0.0
shap,50,0.0,0.0,0.0,0.0,0.0,0.0,0.0,0.0,0.0,0.0
shap,51,0.0,0.0,0.0,0.0,0.0,0.0,0.0,0.0,0.0,0.0
shap,52,0.0,0.0,0.0,0.0,0.0,0.0,0.0,0.0,0.0,0.0
shap,53,0.0,0.0,0.0,0.0,0.0,0.0,0.0,0.0,0.0,0.0
shap,54,0.0,0.0,0.0,0.0,0.0,0.0,0.0,0.0,0.0,0.0
shap,55,0.0,0.0,0.0,0.0,0.0,0.0,0.0,0.0,0.0,0.0
shap,56,0.0,0.0,0.0,0.0,0.0,0.0,0.0,0.0,0.0,0.0
shap,57,0.0,0.0,0.0,0.0,0.0,0.0,0.0,0.0,0.0,0.0
shap,58,0.0,0.0,0.0,0.0,0.0,0.0,0.0,0.0,0.0,0.0
shap,59,0.0,0.0,0.0,0.0,0.0,0.0,0.0,0.0,0.0,0.0
shap,60,0.0,0.0,0.0,0.0,0.0,0.0,0.0,0.0,0.0,0.0
shap,61,0.0,0.0,0.0,0.0,0.0,0.0,0.0,0.0,0.0,0.0
shap,62,0.0,0.0,0.0,0.0,0.0,0.0,0.0,0.0,0.0,0.0
shap,63,0.0,0.0,0.0,0.0,0.0,0.0,0.0,0.0,0.0,0.0
shap,64,0.0,0.0,0.0,0.0,0.0,0.0,0.0,0.0,0.0,0.0
shap,65,0.0,0.0,0.0,0.0,0.0,0.0,0.0,0.0,0.0,0.0
shap,66,0.0,0.0,0.0,0.0,0.0,0.0,0.0,0.0,0.0,0.0
shap,67,0.0,0.0,0.0,0.0,0.0,0.0,0.0,0.0,0.0,0.0
shap,68,0.0,0.0,0.0,0.0,0.0,0.0,0.0,0.0,0.0,0.0
shap,69,0.0,0.0,0.0,0.0,0.0,0.0,0.0,0.0,0.0,0.0
shap,70,0.0,0.0,0.0,0.0,0.0,0.0,0.0,0.0,0.0,0.0
shap,71,0.0,0.0,0.0,0.0,0.0,0.0,0.0,0.0,0.0,0.0
shap,72,0.0,0.0,0.0,0.0,0.0,0.0,0.0,0.0,0.0,0.0
shap,73,0.0,0.0,0.0,0.0,0.0,0.0,0.0,0.0,0.0,0.0
shap,74,0.0,0.0,0.0,0.0,0.0,0.0,0.0,0.0,0.0,0.0
shap,75,0.0,0.0,0.0,0.0,0.0,0.0,0.0,0.0,0.0,0.0
shap,76,0.0,0.0,0.0,0.0,0.0,0.0,0.0,0.0,0.0,0.0
shap,77,0.0,0.0,0.0,0.0,0.0,0.0,0.0,0.0,0.0,0.0
shap,78,0.0,0.0,0.0,0.0,0.0,0.0,0.0,0.0,0.0,0.0
shap,79,0.0,0.0,0.0,0.0,0.0,0.0,0.0,0.0,0.0,0.0
shap,80,0.0,0.0,0.0,0.0,0.0,0.0,0.0,0.0,0.0,0.0
shap,81,0.0,0.0,0.0,0.0,0.0,0.0,0.0,0.0,0.0,0.0
shap,82,0.0,0.0,0.0,0.0,0.0,0.0,0.0,0.0,0.0,0.0
shap,83,0.0,0.0,0.0,0.0,0.0,0.0,0.0,0.0,0.0,0.0
shap,84,0.0,0.0,0.0,0.0,0.0,0.0,0.0,0.0,0.0,0.0
shap,85,0.0,0.0,0.0,0.0,0.0,0.0,0.0,0.0,0.0,0.0
shap,86,0.0,0.0,0.0,0.0,0.0,0.0,0.0,0.0,0.0,0.0
shap,87,0.0,0.0,0.0,0.0,0.0,0.0,0.0,0.0,0.0,0.0
shap,88,0.0,0.0,0.0,0.0,0.0,0.0,0.0,0.0,0.0,0.0
shap,89,0.0,0.0,0.0,0.0,0.0,0.0,0.0,0.0,0.0,0.0
shap,90,0.0,0.0,0.0,0.0,0.0,0.0,0.0,0.0,0.0,0.0
shap,91,0.0,0.0,0.0,0.0,0.0,0.0,0.0,0.0,0.0,0.0
shap,92,0.0,0.0,0.0,0.0,0.0,0.0,0.0,0.0,0.0,0.0
shap,93,0.0,0.0,0.0,0.0,0.0,0.0,0.0,0.0,0.0,0.0
shap,94,0.0,0.0,0.0,0.0,0.0,0.0,0.0,0.0,0.0,0.0
shap,95,0.0,0.0,0.0,0.0,0.0,0.0,0.0,0.0,0.0,0.0
shap,96,0.0,0.0,0.0,0.0,0.0,0.0,0.0,0.0,0.0,0.0
shap,97,0.0,0.0,0.0,0.0,0.0,0.0,0.0,0.0,0.0,0.0
shap,98,0.0,0.0,0.0,0.0,0.0,0.0,0.0,0.0,0.0,0.0
shap,99,0.0,0.0,0.0,0.0,0.0,0.0,0.0,0.0,0.0,0.0
shap,100,0.0,0.0,0.0,0.0,0.0,0.0,0.0,0.0,0.0,0.0
shap,101,0.0,0.0,0.0,0.0,0.0,0.0,0.0,0.0,0.0,0.0
shap,102,0.0,0.0,0.0,0.0,0.0,0.0,0.0,0.0,0.0,0.0
shap,103,0.0,0.0,0.0,0.0,0.0,0.0,0.0,0.0,0.0,0.0
shap,104,0.0,0.0,0.0,0.0,0.0,0.0,0.0,0.0,0.0,0.0
shap,105,0.0,0.0,0.0,0.0,0.0,0.0,0.0,0.0,0.0,0.0
shap,106,0.0,0.0,0.0,0.0,0.0,0.0,0.0,0.0,0.0,0.0
shap,107,0.0,0.0,0.0,0.0,0.0,0.0,0.0,0.0,0.0,0.0
shap,108,0.0,0.0,0.0,0.0,0.0,0.0,0.0,0.0,0.0,0.0
shap,109,0.0,0.0,0.0,0.0,0.0,0.0,0.0,0.0,0.0,0.0
shap,110,0.0,0.0,0.0,0.0,0.0,0.0,0.0,0.0,0.0,0.0
shap,111,0.0,0.0,0.0,0.0,0.0,0.0,0.0,0.0,0.0,0.0
shap,112,0.0,0.0,0.0,0.0,0.0,0.0,0.0,0.0,0.0,0.0
shap,113,0.0,0.0,0.0,0.0,0.0,0.0,0.0,0.0,0.0,0.0
shap,114,0.0,0.0,0.0,0.0,0.0,0.0,0.0,0.0,0.0,0.0
shap,115,0.0,0.0,0.0,0.0,0.0,0.0,0.0,0.0,0.0,0.0
shap,116,0.0,0.0,0.0,0.0,0.0,0.0,0.0,0.0,0.0,0.0
shap,117,0.0,0.0,0.0,0.0,0.0,0.0,0.0,0.0,0.0,0.0
shap,118,0.0,0.0,0.0,0.0,0.0,0.0,0.0,0.0,0.0,0.0
shap,119,0.0,0.0,0.0,0.0,0.0,0.0,0.0,0.0,0.0,0.0
shap,120,0.0,0.0,0.0,0.0,0.0,0.0,0.0,0.0,0.0,0.0
shap,121,0.0,0.0,0.0,0.0,0.0,0.0,0.0,0.0,0.0,0.0
shap,122,0.0,0.0,0.0,0.0,0.0,0.0,0.0,0.0,0.0,0.0
shap,123,0.0,0.0,0.0,0.0,0.0,0.0,0.0,0.0,0.0,0.0
shap,124,0.0,0.0,0.0,0.0,0.0,0.0,0.0,0.0,0.0,0.0
shap,125,0.0,0.0,0.0,0.0,0.0,0.0,0.0,0.0,0.0,0.0
shap,126,0.0,0.0,0.0,0.0,0.0,0.0,0.0,0.0,0.0,0.0
shap,127,0.0,0.0,0.0,0.0,0.0,0.0,0.0,0.0,0.0,0.0
shap,128,0.0,0.0,0.0,0.0,0.0,0.0,0.0,0.0,0.0,0.0
shap,129,0.0,0.0,0.0,0.0,0.0,0.0,0.0,0.0,0.0,0.0
shap,130,0.0,0.0,0.0,0.0,0.0,0.0,0.0,0.0,0.0,0.0
shap,131,0.0,0.0,0.0,0.0,0.0,0.0,0.0,0.0,0.0,0.0
shap,132,0.0,0.0,0.0,0.0,0.0,0.0,0.0,0.0,0.0,0.0
shap,133,0.0,0.0,0.0,0.0,0.0,0.0,0.0,0.0,0.0,0.0
shap,134,0.0,0.0,0.0,0.0,0.0,0.0,0.0,0.0,0.0,0.0
shap,135,0.0,0.0,0.0,0.0,0.0,0.0,0.0,0.0,0.0,0.0
shap,136,0.0,0.0,0.0,0.0,0.0,0.0,0.0,0.0,0.0,0.0
shap,137,0.0,0.0,0.0,0.0,0.0,0.0,0.0,0.0,0.0,0.0
shap,138,0.0,0.0,0.0,0.0,0.0,0.0,0.0,0.0,0.0,0.0
shap,139,0.0,0.0,0.0,0.0,0.0,0.0,0.0,0.0,0.0,0.0
shap,140,0.0,0.0,0.0,0.0,0.0,0.0,0.0,0.0,0.0,0.0
shap,141,0.0,0.0,0.0,0.0,0.0,0.0,0.0,0.0,0.0,0.0
shap,142,0.0,0.0,0.0,0.0,0.0,0.0,0.0,0.0,0.0,0.0
shap,143,0.0,0.0,0.0,0.0,0.0,0.0,0.0,0.0,0.0,0.0
shap,144,0.0,0.0,0.0,0.0,0.0,0.0,0.0,0.0,0.0,0.0
shap,145,0.0,0.0,0.0,0.0,0.0,0.0,0.0,0.0,0.0,0.0
shap,146,0.0,0.0,0.0,0.0,0.0,0.0,0.0,0.0,0.0,0.0
shap,147,0.0,0.0,0.0,0.0,0.0,0.0,0.0,0.0,0.0,0.0
shap,148,0.0,0.0,0.0,0.0,0.0,0.0,0.0,0.0,0.0,0.0
shap,149,0.0,0.0,0.0,0.0,0.0,0.0,0.0,0.0,0.0,0.0
shap,150,0.0,0.0,0.0,0.0,0.0,0.0,0.0,0.0,0.0,0.0
shap,151,0.0,0.0,0.0,0.0,0.0,0.0,0.0,0.0,0.0,0.0
shap,152,0.0,0.0,0.0,0.0,0.0,0.0,0.0,0.0,0.0,0.0
shap,153,0.0,0.0,0.0,0.0,0.0,0.0,0.0,0.0,0.0,0.0
shap,154,0.0,0.0,0.0,0.0,0.0,0.0,0.0,0.0,0.0,0.0
shap,155,0.0,0.0,0.0,0.0,0.0,0.0,0.0,0.0,0.0,0.0
shap,156,0.0,0.0,0.0,0.0,0.0,0.0,0.0,0.0,0.0,0.0
shap,157,0.0,0.0,0.0,0.0,0.0,0.0,0.0,0.0,0.0,0.0
shap,158,0.0,0.0,0.0,0.0,0.0,0.0,0.0,0.0,0.0,0.0
shap,159,0.0,0.0,0.0,0.0,0.0,0.0,0.0,0.0,0.0,0.0
shap,160,0.0,0.0,0.0,0.0,0.0,0.0,0.0,0.0,0.0,0.0
shap,161,0.0,0.0,0.0,0.0,0.0,0.0,0.0,0.0,0.0,0.0
shap,162,0.0,0.0,0.0,0.0,0.0,0.0,0.0,0.0,0.0,0.0
shap,163,0.0,0.0,0.0,0.0,0.0,0.0,0.0,0.0,0.0,0.0
shap,164,0.0,0.0,0.0,0.0,0.0,0.0,0.0,0.0,0.0,0.0
shap,165,0.0,0.0,0.0,0.0,0.0,0.0,0.0,0.0,0.0,0.0
shap,166,0.0,0.0,0.0,0.0,0.0,0.0,0.0,0.0,0.0,0.0
shap,167,0.0,0.0,0.0,0.0,0.0,0.0,0.0,0.0,0.0,0.0
shap,168,0.0,0.0,0.0,0.0,0.0,0.0,0.0,0.0,0.0,0.0
shap,169,0.0,0.0,0.0,0.0,0.0,0.0,0.0,0.0,0.0,0.0
shap,170,0.0,0.0,0.0,0.0,0.0,0.0,0.0,0.0,0.0,0.0
shap,171,0.0,0.0,0.0,0.0,0.0,0.0,0.0,0.0,0.0,0.0
shap,172,0.0,0.0,0.0,0.0,0.0,0.0,0.0,0.0,0.0,0.0
shap,173,0.0,0.0,0.0,0.0,0.0,0.0,0.0,0.0,0.0,0.0
shap,174,0.0,0.0,0.0,0.0,0.0,0.0,0.0,0.0,0.0,0.0
shap,175,0.0,0.0,0.0,0.0,0.0,0.0,0.0,0.0,0.0,0.0
shap,176,0.0,0.0,0.0,0.0,0.0,0.0,0.0,0.0,0.0,0.0
shap,177,0.0,0.0,0.0,0.0,0.0,0.0,0.0,0.0,0.0,0.0
shap,178,0.0,0.0,0.0,0.0,0.0,0.0,0.0,0.0,0.0,0.0
shap,179,0.0,0.0,0.0,0.0,0.0,0.0,0.0,0.0,0.0,0.0
shap,180,0.0,0.0,0.0,0.0,0.0,0.0,0.0,0.0,0.0,0.0
shap,181,0.0,0.0,0.0,0.0,0.0,0.0,0.0,0.0,0.0,0.0
shap,182,0.0,0.0,0.0,0.0,0.0,0.0,0.0,0.0,0.0,0.0
shap,183,0.0,0.0,0.0,0.0,0.0,0.0,0.0,0.0,0.0,0.0
shap,184,0.0,0.0,0.0,0.0,0.0,0.0,0.0,0.0,0.0,0.0
shap,185,0.0,0.0,0.0,0.0,0.0,0.0,0.0,0.0,0.0,0.0
shap,186,0.0,0.0,0.0,0.0,0.0,0.0,0.0,0.0,0.0,0.0
shap,187,0.0,0.0,0.0,0.0,0.0,0.0,0.0,0.0,0.0,0.0
shap,188,0.0,0.0,0.0,0.0,0.0,0.0,0.0,0.0,0.0,0.0
shap,189,0.0,0.0,0.0,0.0,0.0,0.0,0.0,0.0,0.0,0.0
shap,190,0.0,0.0,0.0,0.0,0.0,0.0,0.0,0.0,0.0,0.0
shap,191,0.0,0.0,0.0,0.0,0.0,0.0,0.0,0.0,0.0,0.0
shap,192,0.0,0.0,0.0,0.0,0.0,0.0,0.0,0.0,0.0,0.0
shap,193,0.0,0.0,0.0,0.0,0.0,0.0,0.0,0.0,0.0,0.0
shap,194,0.0,0.0,0.0,0.0,0.0,0.0,0.0,0.0,0.0,0.0
shap,195,0.0,0.0,0.0,0.0,0.0,0.0,0.0,0.0,0.0,0.0
shap,196,0.0,0.0,0.0,0.0,0.0,0.0,0.0,0.0,0.0,0.0
shap,197,0.0,0.0,0.0,0.0,0.0,0.0,0.0,0.0,0.0,0.0
shap,198,0.0,0.0,0.0,0.0,0.0,0.0,0.0,0.0,0.0,0.0
shap,199,0.0,0.0,0.0,0.0,0.0,0.0,0.0,0.0,0.0,0.0
shap,200,0.0,0.0,0.0,0.0,0.0,0.0,0.0,0.0,0.0,0.0
shap,201,0.0,0.0,0.0,0.0,0.0,0.0,0.0,0.0,0.0,0.0
shap,202,0.0,0.0,0.0,0.0,0.0,0.0,0.0,0.0,0.0,0.0
shap,203,0.0,0.0,0.0,0.0,0.0,0.0,0.0,0.0,0.0,0.0
shap,204,0.0,0.0,0.0,0.0,0.0,0.0,0.0,0.0,0.0,0.0
shap,205,0.0,0.0,0.0,0.0,0.0,0.0,0.0,0.0,0.0,0.0
shap,206,0.0,0.0,0.0,0.0,0.0,0.0,0.0,0.0,0.0,0.0
shap,207,0.0,0.0,0.0,0.0,0.0,0.0,0.0,0.0,0.0,0.0
shap,208,0.0,0.0,0.0,0.0,0.0,0.0,0.0,0.0,0.0,0.0
shap,209,0.0,0.0,0.0,0.0,0.0,0.0,0.0,0.0,0.0,0.0
shap,210,0.0,0.0,0.0,0.0,0.0,0.0,0.0,0.0,0.0,0.0
shap,211,0.0,0.0,0.0,0.0,0.0,0.0,0.0,0.0,0.0,0.0
shap,212,0.0,0.0,0.0,0.0,0.0,0.0,0.0,0.0,0.0,0.0
shap,213,0.0,0.0,0.0,0.0,0.0,0.0,0.0,0.0,0.0,0.0
shap,214,0.0,0.0,0.0,0.0,0.0,0.0,0.0,0.0,0.0,0.0
shap,215,0.0,0.0,0.0,0.0,0.0,0.0,0.0,0.0,0.0,0.0
shap,216,0.0,0.0,0.0,0.0,0.0,0.0,0.0,0.0,0.0,0.0
shap,217,0.0,0.0,0.0,0.0,0.0,0.0,0.0,0.0,0.0,0.0
shap,218,0.0,0.0,0.0,0.0,0.0,0.0,0.0,0.0,0.0,0.0
shap,219,0.0,0.0,0.0,0.0,0.0,0.0,0.0,0.0,0.0,0.0
shap,220,0.0,0.0,0.0,0.0,0.0,0.0,0.0,0.0,0.0,0.0
shap,221,0.0,0.0,0.0,0.0,0.0,0.0,0.0,0.0,0.0,0.0
shap,222,0.0,0.0,0.0,0.0,0.0,0.0,0.0,0.0,0.0,0.0
shap,223,0.0,0.0,0.0,0.0,0.0,0.0,0.0,0.0,0.0,0.0
shap,224,0.0,0.0,0.0,0.0,0.0,0.0,0.0,0.0,0.0,0.0
shap,225,0.0,0.0,0.0,0.0,0.0,0.0,0.0,0.0,0.0,0.0
shap,226,0.0,0.0,0.0,0.0,0.0,0.0,0.0,0.0,0.0,0.0
shap,227,0.0,0.0,0.0,0.0,0.0,0.0,0.0,0.0,0.0,0.0
shap,228,0.0,0.0,0.0,0.0,0.0,0.0,0.0,0.0,0.0,0.0
shap,229,0.0,0.0,0.0,0.0,0.0,0.0,0.0,0.0,0.0,0.0
shap,230,0.0,0.0,0.0,0.0,0.0,0.0,0.0,0.0,0.0,0.0
shap,231,0.0,0.0,0.0,0.0,0.0,0.0,0.0,0.0,0.0,0.0
shap,232,0.0,0.0,0.0,0.0,0.0,0.0,0.0,0.0,0.0,0.0
shap,233,0.0,0.0,0.0,0.0,0.0,0.0,0.0,0.0,0.0,0.0
shap,234,0.0,0.0,0.0,0.0,0.0,0.0,0.0,0.0,0.0,0.0
shap,235,0.0,0.0,0.0,0.0,0.0,0.0,0.0,0.0,0.0,0.0
shap,236,0.0,0.0,0.0,0.0,0.0,0.0,0.0,0.0,0.0,0.0
shap,237,0.0,0.0,0.0,0.0,0.0,0.0,0.0,0.0,0.0,0.0
shap,238,0.0,0.0,0.0,0.0,0.0,0.0,0.0,0.0,0.0,0.0
shap,239,0.0,0.0,0.0,0.0,0.0,0.0,0.0,0.0,0.0,0.0
shap,240,0.0,0.0,0.0,0.0,0.0,0.0,0.0,0.0,0.0,0.0
shap,241,0.0,0.0,0.0,0.0,0.0,0.0,0.0,0.0,0.0,0.0
shap,242,0.0,0.0,0.0,0.0,0.0,0.0,0.0,0.0,0.0,0.0
shap,243,0.0,0.0,0.0,0.0,0.0,0.0,0.0,0.0,0.0,0.0
shap,244,0.0,0.0,0.0,0.0,0.0,0.0,0.0,0.0,0.0,0.0
shap,245,0.0,0.0,0.0,0.0,0.0,0.0,0.0,0.0,0.0,0.0
shap,246,0.0,0.0,0.0,0.0,0.0,0.0,0.0,0.0,0.0,0.0
shap,247,0.0,0.0,0.0,0.0,0.0,0.0,0.0,0.0,0.0,0.0
shap,248,0.0,0.0,0.0,0.0,0.0,0.0,0.0,0.0,0.0,0.0
shap,249,0.0,0.0,0.0,0.0,0.0,0.0,0.0,0.0,0.0,0.0
shap,250,0.0,0.0,0.0,0.0,0.0,0.0,0.0,0.0,0.0,0.0
shap,251,0.0,0.0,0.0,0.0,0.0,0.0,0.0,0.0,0.0,0.0
shap,252,0.0,0.0,0.0,0.0,0.0,0.0,0.0,0.0,0.0,0.0
shap,253,0.0,0.0,0.0,0.0,0.0,0.0,0.0,0.0,0.0,0.0
shap,254,0.0,0.0,0.0,0.0,0.0,0.0,0.0,0.0,0.0,0.0
shap,255,0.0,0.0,0.0,0.0,0.0,0.0,0.0,0.0,0.0,0.0
shap,256,0.0,0.0,0.0,0.0,0.0,0.0,0.0,0.0,0.0,0.0
shap,257,0.0,0.0,0.0,0.0,0.0,0.0,0.0,0.0,0.0,0.0
shap,258,0.0,0.0,0.0,0.0,0.0,0.0,0.0,0.0,0.0,0.0
shap,259,0.0,0.0,0.0,0.0,0.0,0.0,0.0,0.0,0.0,0.0
shap,260,0.0,0.0,0.0,0.0,0.0,0.0,0.0,0.0,0.0,0.0
shap,261,0.0,0.0,0.0,0.0,0.0,0.0,0.0,0.0,0.0,0.0
shap,262,0.0,0.0,0.0,0.0,0.0,0.0,0.0,0.0,0.0,0.0
shap,263,0.0,0.0,0.0,0.0,0.0,0.0,0.0,0.0,0.0,0.0
shap,264,0.0,0.0,0.0,0.0,0.0,0.0,0.0,0.0,0.0,0.0
shap,265,0.0,0.0,0.0,0.0,0.0,0.0,0.0,0.0,0.0,0.0
shap,266,0.0,0.0,0.0,0.0,0.0,0.0,0.0,0.0,0.0,0.0
shap,267,0.0,0.0,0.0,0.0,0.0,0.0,0.0,0.0,0.0,0.0
shap,268,0.0,0.0,0.0,0.0,0.0,0.0,0.0,0.0,0.0,0.0
shap,269,0.0,0.0,0.0,0.0,0.0,0.0,0.0,0.0,0.0,0.0
shap,270,0.0,0.0,0.0,0.0,0.0,0.0,0.0,0.0,0.0,0.0
shap,271,0.0,0.0,0.0,0.0,0.0,0.0,0.0,0.0,0.0,0.0
shap,272,0.0,0.0,0.0,0.0,0.0,0.0,0.0,0.0,0.0,0.0
shap,273,0.0,0.0,0.0,0.0,0.0,0.0,0.0,0.0,0.0,0.0
shap,274,0.0,0.0,0.0,0.0,0.0,0.0,0.0,0.0,0.0,0.0
shap,275,0.0,0.0,0.0,0.0,0.0,0.0,0.0,0.0,0.0,0.0
shap,276,0.0,0.0,0.0,0.0,0.0,0.0,0.0,0.0,0.0,0.0
shap,277,0.0,0.0,0.0,0.0,0.0,0.0,0.0,0.0,0.0,0.0
shap,278,0.0,0.0,0.0,0.0,0.0,0.0,0.0,0.0,0.0,0.0
shap,279,0.0,0.0,0.0,0.0,0.0,0.0,0.0,0.0,0.0,0.0
shap,280,0.0,0.0,0.0,0.0,0.0,0.0,0.0,0.0,0.0,0.0
shap,281,0.0,0.0,0.0,0.0,0.0,0.0,0.0,0.0,0.0,0.0
shap,282,0.0,0.0,0.0,0.0,0.0,0.0,0.0,0.0,0.0,0.0
shap,283,0.0,0.0,0.0,0.0,0.0,0.0,0.0,0.0,0.0,0.0
shap,284,0.0,0.0,0.0,0.0,0.0,0.0,0.0,0.0,0.0,0.0
shap,285,0.0,0.0,0.0,0.0,0.0,0.0,0.0,0.0,0.0,0.0
shap,286,0.0,0.0,0.0,0.0,0.0,0.0,0.0,0.0,0.0,0.0
shap,287,0.0,0.0,0.0,0.0,0.0,0.0,0.0,0.0,0.0,0.0
shap,288,0.0,0.0,0.0,0.0,0.0,0.0,0.0,0.0,0.0,0.0
shap,289,0.0,0.0,0.0,0.0,0.0,0.0,0.0,0.0,0.0,0.0
shap,290,0.0,0.0,0.0,0.0,0.0,0.0,0.0,0.0,0.0,0.0
shap,291,0.0,0.0,0.0,0.0,0.0,0.0,0.0,0.0,0.0,0.0
shap,292,0.0,0.0,0.0,0.0,0.0,0.0,0.0,0.0,0.0,0.0
shap,293,0.0,0.0,0.0,0.0,0.0,0.0,0.0,0.0,0.0,0.0
shap,294,0.0,0.0,0.0,0.0,0.0,0.0,0.0,0.0,0.0,0.0
shap,295,0.0,0.0,0.0,0.0,0.0,0.0,0.0,0.0,0.0,0.0
shap,296,0.0,0.0,0.0,0.0,0.0,0.0,0.0,0.0,0.0,0.0
shap,297,0.0,0.0,0.0,0.0,0.0,0.0,0.0,0.0,0.0,0.0
shap,298,0.0,0.0,0.0,0.0,0.0,0.0,0.0,0.0,0.0,0.0
shap,299,0.0,0.0,0.0,0.0,0.0,0.0,0.0,0.0,0.0,0.0
shap,300,0.0,0.0,0.0,0.0,0.0,0.0,0.0,0.0,0.0,0.0
shap,301,0.0,0.0,0.0,0.0,0.0,0.0,0.0,0.0,0.0,0.0
shap,302,0.0,0.0,0.0,0.0,0.0,0.0,0.0,0.0,0.0,0.0
shap,303,0.0,0.0,0.0,0.0,0.0,0.0,0.0,0.0,0.0,0.0
shap,304,0.0,0.0,0.0,0.0,0.0,0.0,0.0,0.0,0.0,0.0
shap,305,0.0,0.0,0.0,0.0,0.0,0.0,0.0,0.0,0.0,0.0
shap,306,0.0,0.0,0.0,0.0,0.0,0.0,0.0,0.0,0.0,0.0
shap,307,0.0,0.0,0.0,0.0,0.0,0.0,0.0,0.0,0.0,0.0
shap,308,0.0,0.0,0.0,0.0,0.0,0.0,0.0,0.0,0.0,0.0
shap,309,0.0,0.0,0.0,0.0,0.0,0.0,0.0,0.0,0.0,0.0
shap,310,0.0,0.0,0.0,0.0,0.0,0.0,0.0,0.0,0.0,0.0
shap,311,0.0,0.0,0.0,0.0,0.0,0.0,0.0,0.0,0.0,0.0
shap,312,0.0,0.0,0.0,0.0,0.0,0.0,0.0,0.0,0.0,0.0
shap,313,0.0,0.0,0.0,0.0,0.0,0.0,0.0,0.0,0.0,0.0
shap,314,0.0,0.0,0.0,0.0,0.0,0.0,0.0,0.0,0.0,0.0
shap,315,0.0,0.0,0.0,0.0,0.0,0.0,0.0,0.0,0.0,0.0
shap,316,0.0,0.0,0.0,0.0,0.0,0.0,0.0,0.0,0.0,0.0
shap,317,0.0,0.0,0.0,0.0,0.0,0.0,0.0,0.0,0.0,0.0
shap,318,0.0,0.0,0.0,0.0,0.0,0.0,0.0,0.0,0.0,0.0
shap,319,0.0,0.0,0.0,0.0,0.0,0.0,0.0,0.0,0.0,0.0
shap,320,0.0,0.0,0.0,0.0,0.0,0.0,0.0,0.0,0.0,0.0
shap,321,0.0,0.0,0.0,0.0,0.0,0.0,0.0,0.0,0.0,0.0
shap,322,0.0,0.0,0.0,0.0,0.0,0.0,0.0,0.0,0.0,0.0
shap,323,0.0,0.0,0.0,0.0,0.0,0.0,0.0,0.0,0.0,0.0
shap,324,0.0,0.0,0.0,0.0,0.0,0.0,0.0,0.0,0.0,0.0
shap,325,0.0,0.0,0.0,0.0,0.0,0.0,0.0,0.0,0.0,0.0
shap,326,0.0,0.0,0.0,0.0,0.0,0.0,0.0,0.0,0.0,0.0
shap,327,0.0,0.0,0.0,0.0,0.0,0.0,0.0,0.0,0.0,0.0
shap,328,0.0,0.0,0.0,0.0,0.0,0.0,0.0,0.0,0.0,0.0
shap,329,0.0,0.0,0.0,0.0,0.0,0.0,0.0,0.0,0.0,0.0
shap,330,0.0,0.0,0.0,0.0,0.0,0.0,0.0,0.0,0.0,0.0
shap,331,0.0,0.0,0.0,0.0,0.0,0.0,0.0,0.0,0.0,0.0
shap,332,0.0,0.0,0.0,0.0,0.0,0.0,0.0,0.0,0.0,0.0
shap,333,0.0,0.0,0.0,0.0,0.0,0.0,0.0,0.0,0.0,0.0
shap,334,0.0,0.0,0.0,0.0,0.0,0.0,0.0,0.0,0.0,0.0
shap,335,0.0,0.0,0.0,0.0,0.0,0.0,0.0,0.0,0.0,0.0
shap,336,0.0,0.0,0.0,0.0,0.0,0.0,0.0,0.0,0.0,0.0
shap,337,0.0,0.0,0.0,0.0,0.0,0.0,0.0,0.0,0.0,0.0
shap,338,0.0,0.0,0.0,0.0,0.0,0.0,0.0,0.0,0.0,0.0
shap,339,0.0,0.0,0.0,0.0,0.0,0.0,0.0,0.0,0.0,0.0
shap,340,0.0,0.0,0.0,0.0,0.0,0.0,0.0,0.0,0.0,0.0
shap,341,0.0,0.0,0.0,0.0,0.0,0.0,0.0,0.0,0.0,0.0
shap,342,0.0,0.0,0.0,0.0,0.0,0.0,0.0,0.0,0.0,0.0
shap,343,0.0,0.0,0.0,0.0,0.0,0.0,0.0,0.0,0.0,0.0
shap,344,0.0,0.0,0.0,0.0,0.0,0.0,0.0,0.0,0.0,0.0
shap,345,0.0,0.0,0.0,0.0,0.0,0.0,0.0,0.0,0.0,0.0
shap,346,0.0,0.0,0.0,0.0,0.0,0.0,0.0,0.0,0.0,0.0
shap,347,0.0,0.0,0.0,0.0,0.0,0.0,0.0,0.0,0.0,0.0
shap,348,0.0,0.0,0.0,0.0,0.0,0.0,0.0,0.0,0.0,0.0
shap,349,0.0,0.0,0.0,0.0,0.0,0.0,0.0,0.0,0.0,0.0
shap,350,0.0,0.0,0.0,0.0,0.0,0.0,0.0,0.0,0.0,0.0
shap,351,0.0,0.0,0.0,0.0,0.0,0.0,0.0,0.0,0.0,0.0
shap,352,0.0,0.0,0.0,0.0,0.0,0.0,0.0,0.0,0.0,0.0
shap,353,0.0,0.0,0.0,0.0,0.0,0.0,0.0,0.0,0.0,0.0
shap,354,0.0,0.0,0.0,0.0,0.0,0.0,0.0,0.0,0.0,0.0
shap,355,0.0,0.0,0.0,0.0,0.0,0.0,0.0,0.0,0.0,0.0
shap,356,0.0,0.0,0.0,0.0,0.0,0.0,0.0,0.0,0.0,0.0
shap,357,0.0,0.0,0.0,0.0,0.0,0.0,0.0,0.0,0.0,0.0
shap,358,0.0,0.0,0.0,0.0,0.0,0.0,0.0,0.0,0.0,0.0
shap,359,0.0,0.0,0.0,0.0,0.0,0.0,0.0,0.0,0.0,0.0
shap,360,0.0,0.0,0.0,0.0,0.0,0.0,0.0,0.0,0.0,0.0
shap,361,0.0,0.0,0.0,0.0,0.0,0.0,0.0,0.0,0.0,0.0
shap,362,0.0,0.0,0.0,0.0,0.0,0.0,0.0,0.0,0.0,0.0
shap,363,0.0,0.0,0.0,0.0,0.0,0.0,0.0,0.0,0.0,0.0
shap,364,0.0,0.0,0.0,0.0,0.0,0.0,0.0,0.0,0.0,0.0
shap,365,0.0,0.0,0.0,0.0,0.0,0.0,0.0,0.0,0.0,0.0
shap,366,0.0,0.0,0.0,0.0,0.0,0.0,0.0,0.0,0.0,0.0
shap,367,0.0,0.0,0.0,0.0,0.0,0.0,0.0,0.0,0.0,0.0
shap,368,0.0,0.0,0.0,0.0,0.0,0.0,0.0,0.0,0.0,0.0
shap,369,0.0,0.0,0.0,0.0,0.0,0.0,0.0,0.0,0.0,0.0
shap,370,0.0,0.0,0.0,0.0,0.0,0.0,0.0,0.0,0.0,0.0
shap,371,0.0,0.0,0.0,0.0,0.0,0.0,0.0,0.0,0.0,0.0
shap,372,0.0,0.0,0.0,0.0,0.0,0.0,0.0,0.0,0.0,0.0
shap,373,0.0,0.0,0.0,0.0,0.0,0.0,0.0,0.0,0.0,0.0
shap,374,0.0,0.0,0.0,0.0,0.0,0.0,0.0,0.0,0.0,0.0
shap,375,0.0,0.0,0.0,0.0,0.0,0.0,0.0,0.0,0.0,0.0
shap,376,0.0,0.0,0.0,0.0,0.0,0.0,0.0,0.0,0.0,0.0
shap,377,0.0,0.0,0.0,0.0,0.0,0.0,0.0,0.0,0.0,0.0
shap,378,0.0,0.0,0.0,0.0,0.0,0.0,0.0,0.0,0.0,0.0
shap,379,0.0,0.0,0.0,0.0,0.0,0.0,0.0,0.0,0.0,0.0
shap,380,0.0,0.0,0.0,0.0,0.0,0.0,0.0,0.0,0.0,0.0
shap,381,0.0,0.0,0.0,0.0,0.0,0.0,0.0,0.0,0.0,0.0
shap,382,0.0,0.0,0.0,0.0,0.0,0.0,0.0,0.0,0.0,0.0
shap,383,0.0,0.0,0.0,0.0,0.0,0.0,0.0,0.0,0.0,0.0
shap,384,0.0,0.0,0.0,0.0,0.0,0.0,0.0,0.0,0.0,0.0
shap,385,0.0,0.0,0.0,0.0,0.0,0.0,0.0,0.0,0.0,0.0
shap,386,0.0,0.0,0.0,0.0,0.0,0.0,0.0,0.0,0.0,0.0
shap,387,0.0,0.0,0.0,0.0,0.0,0.0,0.0,0.0,0.0,0.0
shap,388,0.0,0.0,0.0,0.0,0.0,0.0,0.0,0.0,0.0,0.0
shap,389,0.0,0.0,0.0,0.0,0.0,0.0,0.0,0.0,0.0,0.0
shap,390,0.0,0.0,0.0,0.0,0.0,0.0,0.0,0.0,0.0,0.0
shap,391,0.0,0.0,0.0,0.0,0.0,0.0,0.0,0.0,0.0,0.0
shap,392,0.0,0.0,0.0,0.0,0.0,0.0,0.0,0.0,0.0,0.0
shap,393,0.0,0.0,0.0,0.0,0.0,0.0,0.0,0.0,0.0,0.0
shap,394,0.0,0.0,0.0,0.0,0.0,0.0,0.0,0.0,0.0,0.0
shap,395,0.0,0.0,0.0,0.0,0.0,0.0,0.0,0.0,0.0,0.0
shap,396,0.0,0.0,0.0,0.0,0.0,0.0,0.0,0.0,0.0,0.0
shap,397,0.0,0.0,0.0,0.0,0.0,0.0,0.0,0.0,0.0,0.0
shap,398,0.0,0.0,0.0,0.0,0.0,0.0,0.0,0.0,0.0,0.0
shap,399,0.0,0.0,0.0,0.0,0.0,0.0,0.0,0.0,0.0,0.0
shap,400,0.0,0.0,0.0,0.0,0.0,0.0,0.0,0.0,0.0,0.0
shap,401,0.0,0.0,0.0,0.0,0.0,0.0,0.0,0.0,0.0,0.0
shap,402,0.0,0.0,0.0,0.0,0.0,0.0,0.0,0.0,0.0,0.0
shap,403,0.0,0.0,0.0,0.0,0.0,0.0,0.0,0.0,0.0,0.0
shap,404,0.0,0.0,0.0,0.0,0.0,0.0,0.0,0.0,0.0,0.0
shap,405,0.0,0.0,0.0,0.0,0.0,0.0,0.0,0.0,0.0,0.0
shap,406,0.0,0.0,0.0,0.0,0.0,0.0,0.0,0.0,0.0,0.0
shap,407,0.0,0.0,0.0,0.0,0.0,0.0,0.0,0.0,0.0,0.0
shap,408,0.0,0.0,0.0,0.0,0.0,0.0,0.0,0.0,0.0,0.0
shap,409,0.0,0.0,0.0,0.0,0.0,0.0,0.0,0.0,0.0,0.0
shap,410,0.0,0.0,0.0,0.0,0.0,0.0,0.0,0.0,0.0,0.0
shap,411,0.0,0.0,0.0,0.0,0.0,0.0,0.0,0.0,0.0,0.0
shap,412,0.0,0.0,0.0,0.0,0.0,0.0,0.0,0.0,0.0,0.0
shap,413,0.0,0.0,0.0,0.0,0.0,0.0,0.0,0.0,0.0,0.0
shap,414,0.0,0.0,0.0,0.0,0.0,0.0,0.0,0.0,0.0,0.0
shap,415,0.0,0.0,0.0,0.0,0.0,0.0,0.0,0.0,0.0,0.0
shap,416,0.0,0.0,0.0,0.0,0.0,0.0,0.0,0.0,0.0,0.0
shap,417,0.0,0.0,0.0,0.0,0.0,0.0,0.0,0.0,0.0,0.0
shap,418,0.0,0.0,0.0,0.0,0.0,0.0,0.0,0.0,0.0,0.0
shap,419,0.0,0.0,0.0,0.0,0.0,0.0,0.0,0.0,0.0,0.0
shap,420,0.0,0.0,0.0,0.0,0.0,0.0,0.0,0.0,0.0,0.0
shap,421,0.0,0.0,0.0,0.0,0.0,0.0,0.0,0.0,0.0,0.0
shap,422,0.0,0.0,0.0,0.0,0.0,0.0,0.0,0.0,0.0,0.0
shap,423,0.0,0.0,0.0,0.0,0.0,0.0,0.0,0.0,0.0,0.0
shap,424,0.0,0.0,0.0,0.0,0.0,0.0,0.0,0.0,0.0,0.0
shap,425,0.0,0.0,0.0,0.0,0.0,0.0,0.0,0.0,0.0,0.0
shap,426,0.0,0.0,0.0,0.0,0.0,0.0,0.0,0.0,0.0,0.0
shap,427,0.0,0.0,0.0,0.0,0.0,0.0,0.0,0.0,0.0,0.0
shap,428,0.0,0.0,0.0,0.0,0.0,0.0,0.0,0.0,0.0,0.0
shap,429,0.0,0.0,0.0,0.0,0.0,0.0,0.0,0.0,0.0,0.0
shap,430,0.0,0.0,0.0,0.0,0.0,0.0,0.0,0.0,0.0,0.0
shap,431,0.0,0.0,0.0,0.0,0.0,0.0,0.0,0.0,0.0,0.0
shap,432,0.0,0.0,0.0,0.0,0.0,0.0,0.0,0.0,0.0,0.0
shap,433,0.0,0.0,0.0,0.0,0.0,0.0,0.0,0.0,0.0,0.0
shap,434,0.0,0.0,0.0,0.0,0.0,0.0,0.0,0.0,0.0,0.0
shap,435,0.0,0.0,0.0,0.0,0.0,0.0,0.0,0.0,0.0,0.0
shap,436,0.0,0.0,0.0,0.0,0.0,0.0,0.0,0.0,0.0,0.0
shap,437,0.0,0.0,0.0,0.0,0.0,0.0,0.0,0.0,0.0,0.0
shap,438,0.0,0.0,0.0,0.0,0.0,0.0,0.0,0.0,0.0,0.0
shap,439,0.0,0.0,0.0,0.0,0.0,0.0,0.0,0.0,0.0,0.0
shap,440,0.0,0.0,0.0,0.0,0.0,0.0,0.0,0.0,0.0,0.0
shap,441,0.0,0.0,0.0,0.0,0.0,0.0,0.0,0.0,0.0,0.0
lime,0,-1.7478665148307246,-0.8668959804991999,21.290576879775823,10.264705476226963,3.2665675252961557,1.8218266943372774,0.43348030321680764,-1.4676746323628875,-31.23115881598559,0.48072179199217385
lime,1,0.31724891601637817,0.3258123644017985,-32.202575789163625,-14.90762450130175,0.3249482352125925,1.5717700213451014,-6.361265302676209,0.25793474366551344,14.110278308755685,-0.7933773727449811
lime,2,0.4247760367485301,-0.49000140355782357,15.764634879022763,-0.019394701337777338,-0.996375847101049,1.3228015199943994,1.1209379719545536,-1.1585882202066409,-15.908720513838311,-0.5002675278553865
lime,3,0.38300029367818406,-0.6413209226952618,-4.371555279336861,1.8589648035155633,2.3939776322040056,0.8968618295461562,7.426957904733451,-0.3044280848468988,-30.700146013713464,0.3536985175743683
lime,4,-0.662066464651222,-1.6882956626088943,-4.923178675738387,-0.5602522307647388,0.4045991509078773,1.6962079298826451,-8.492937241238094,-1.7822637636702214,-17.58310294597771,1.3622011880401492
lime,5,-0.8197196416616408,-1.0494510076063428,21.412426898309008,8.766750376514246,2.5520226522164107,1.9908035087971807,10.08273303370724,1.5857251606956746,13.446491216515051,0.6844470255185978
lime,6,0.32398513830075554,-0.7184596951643765,14.54037880627157,2.452620644750721,-4.649943000151293,-3.8592693479780817,11.513336287145917,0.0022948713032857754,33.47255975207094,0.6277880251696183
lime,7,2.119541933881612,0.7033599929414011,-32.555490086276144,0.4068987574257161,0.30036044931309885,1.4815717780360707,-7.4259691528111365,-3.336444745848117,-30.414479329862754,-2.302377410743844
lime,8,2.428583806586472,-0.4292999797698213,16.671228308049976,10.421847234834248,-0.5788925312191289,1.0977841088064537,7.415030174704296,-0.9675312437431041,13.33288794126843,0.5896055747681972
lime,9,0.6925502037448233,2.1528103573596504,-31.381281933650815,-14.931215842096051,-0.15325615542049156,-4.505958266995125,-7.134763385282919,0.4116306069360013,-30.73115782726113,-2.4784814973120093
lime,10,0.7031359356197147,-0.26003686185642994,-6.703890608580759,0.874884929045739,-0.7698277232385696,1.857353884627842,-7.100734824109461,-0.44316921604308707,-16.068442689508622,2.9656854737638993
lime,11,0.8940760316682437,1.4885961687621612,-33.06583599434769,1.115876848268629,-2.175465134371817,-3.126436811706799,-7.037317719211024,1.4954214132646408,-30.190523488739327,-1.4464149472991468
lime,12,-0.7616944666698833,-0.753451722913183,-3.626348900097193,-1.3409687250117772,0.8154882473876605,1.989294656542593,0.70592800801858,-0.41286474040005855,31.629808281965264,-0.46343110691220885
lime,13,0.2273764477583542,0.6999793970101041,15.958021473374464,2.713570460778456,0.3370695211380609,1.5028914557403985,0.4448850856612827,-0.006634797814685274,14.29236090336407,0.507171209416572
lime,14,-1.1699673137332685,1.9777369730306167,15.424227307433181,-0.9522905044095424,-1.7088190401919645,1.558524592334973,-9.568295868584208,0.3359910982800662,-16.92065296372957,1.1797410977546072
lime,15,1.5899717359808938,-0.6353736720907193,21.114975889439474,2.3660053996204047,-1.6970786787888583,1.5005022426568215,-1.2077201746488924,-0.019458930180256406,-15.706266351899641,-1.2344159689202476
lime,16,-1.8358077795423058,-0.11288775787266665,-4.583902284556712,10.684660605279726,-2.7226891526971095,1.1748256436008184,-1.4478968995743289,1.1160114566968247,32.344760618233856,1.804044561793721
lime,17,1.0464521936956084,0.9291130006181456,16.055710852035855,10.604919657120806,0.8891166672378498,1.1803339589421171,-6.187713423141189,0.5175742424903279,-17.085912062969793,1.3537780781427164
lime,18,-1.989708135557555,-0.021010387787517983,19.957441820369166,10.398917981147273,-2.8354507274890364,0.409045222816257,-8.06448475386926,0.038708165421674566,32.3716382056801,-0.5591694607119562
lime,19,-1.067216409220636,-1.0065492389364397,20.905663954200207,-13.418184135299338,0.41080229272212304,1.8976560055671468,-8.172142650461407,0.6338102636741794,14.382985434030596,-0.1291205791669589
lime,20,1.1063797126878636,-0.7853213881033094,-31.288768059519324,9.93540516871408,1.6960992823729573,2.207581548098148,-6.876910184091706,1.3781715464190023,-32.0067761421862,0.414812593566483
lime,21,1.2536203583061447,1.1984363175136619,14.707494660657874,4.320527517079777,1.1265082891995921,1.4554909531178513,-7.736330373739697,1.3919961491602948,31.6713776546942,2.114825016156266
lime,22,-0.22036577938691693,0.14634869143859006,20.697043887898054,2.3626800934313685,1.5833247046246186,0.8839065336117087,0.521009150330516,-0.01925405029889429,32.39460782390794,1.5383897426892388
lime,23,1.6973777633344174,-0.9759383605009864,22.129816670420656,-0.2870969586134783,0.8785284373456262,-3.5687858450293213,9.70015157610056,0.3015052198199923,-16.486077857481693,-0.3115082498934074
lime,24,-0.0873966535331254,-1.6047945693237167,19.8287282448937,-11.765895312291212,1.6028212510955793,0.7366514478940326,0.3538630971657236,-1.2695634522914279,-16.483366540532618,-2.0653174233479485
lime,25,4.124914123023726,0.7354055694603989,14.89845421974314,2.813383446456887,2.439869379846247,1.5311001847807044,-1.2149415296103032,0.6128634103279349,-15.519427780170478,0.2229890214080681
lime,26,-3.1252515735619673,2.078734115508759,-5.676709621245478,10.830571698079691,-1.2866413069866602,1.1245718202854136,-7.262253686348051,-1.8169004148772328,-30.681039931017082,-0.7554720568583946
lime,27,0.9320755287488077,-0.8117580174616356,-4.364170902573357,10.272544680291155,-0.6644546986036466,1.891617228942019,-9.677090789923167,-0.2927137946195398,-17.38097872646143,1.370935993111541
lime,28,-0.2535625210925357,-0.485872821770035,19.464806642860253,1.4323696092317846,1.770694725831177,1.5681009946409983,9.657651426052329,-1.0396831939698485,14.985146127859375,-1.0197981880406743
lime,29,-0.2236870051469028,1.156234511903178,-4.286479204955099,-12.931440434523882,2.6712598177944096,0.7065511195226648,1.2806662498627617,-0.7318503498286597,31.759344450041215,0.5503303091005257
lime,30,2.2637449055894714,0.785851552042649,15.23796100257142,11.213184626610742,2.0633687093288517,1.7590713879021267,7.457386952432758,1.0242909701836929,31.988343600832167,0.6724079858772852
lime,31,1.6128639164413447,-0.48727096952299653,21.36455334757199,9.914452336166615,-0.1677411907087545,1.1452393295668113,0.08607675983027269,0.32781640576818283,14.71742077627894,3.0370781203600132
lime,32,1.5698976862828207,-2.507377794834351,-31.850732843138662,-13.649501901047719,1.044242385193388,-0.06696458354397894,-1.7447481570607475,-0.7461855835237827,-16.800529474616205,-1.4970665435158443
lime,33,-1.787271086520361,-0.28094384169946124,13.836767774240952,1.2739149371792378,1.628828848390432,2.2988738033934104,0.17055855252653446,0.3684168930221993,31.49414583614843,-0.747484054497597
lime,34,0.044237446206843944,-0.41461313669622674,-4.244747119508379,-1.1400905533721157,2.749881038027905,1.9930864075331003,-1.3520782192048946,-3.154834945552502,-29.676406580179666,-1.0704799499893354
lime,35,1.3631920599351055,2.041128276173201,15.409246382336732,2.6758181172483098,0.45754031658868966,1.5972690755405277,-0.5331061941759305,-0.5232926056102725,15.50528701764965,-0.7697101551596315
lime,36,0.2672694513600528,-0.5511329609634246,-32.86174139462068,-13.398332619004412,-0.16188283251151384,2.345908361719826,-1.1284796291188164,0.17930329172679,-31.359775317520864,-1.2258998727007528
lime,37,-1.494098028108042,-0.7363491151404875,20.72860024097637,10.13165840438479,-2.219658267358131,1.204214302278551,1.3273702925218387,0.7855180687439391,31.67742659434341,-0.8384479541791992
lime,38,2.2149873356409584,-0.2786221703118367,-31.78751398307542,9.308028988568353,0.8628722635205381,3.121673087643194,-7.647785167014342,1.0416085193587519,-30.460210655359607,-1.042924470517858
lime,39,-1.6158491878544485,1.0710197657525955,15.68961387677411,-0.45525344313768984,-2.1329999821360266,0.9564536194198693,-0.10149325391815688,1.506030077844894,31.235197692102993,0.5422761205606638
lime,40,-2.082766438873682,-0.39730823937992615,21.289768157316193,2.097840295424251,-3.272447075646761,-3.9198371710355886,0.3142390748770108,0.21628443346068382,32.693891700870175,-0.3769652374447983
lime,41,1.546917459083142,1.1224441857391811,-4.777243949786146,0.3243289875430719,2.042467416729145,1.7174253024558932,-6.616246970752531,0.3835151898550611,-30.189240039867506,2.067461544986449
lime,42,-0.08013587550762989,-0.06572330706920645,-4.588651021492374,10.143230151594178,1.1996988656089023,1.2522215727100796,-7.025886782998202,-0.25681011786869024,-29.40829450033111,1.1385370494324996
lime,43,-0.5467795352372375,1.1382926661988366,-6.015275940459475,1.711994357720662,1.8511888741615163,0.4846492430544966,-7.7531366449860135,0.3931081790346461,-31.222518249955726,-1.016690897523986
lime,44,0.19489401775981294,-2.815637621332358,21.527568814420867,10.888167993134548,-0.9724588268352136,-5.138278124438661,-0.32509786627245935,-1.058156346555698,13.887431416604908,0.5350847016536258
lime,45,0.0,0.0,0.0,0.0,0.0,0.0,0.0,0.0,0.0,0.0
lime,46,0.0,0.0,0.0,0.0,0.0,0.0,0.0,0.0,0.0,0.0
lime,47,0.0,0.0,0.0,0.0,0.0,0.0,0.0,0.0,0.0,0.0
lime,48,0.0,0.0,0.0,0.0,0.0,0.0,0.0,0.0,0.0,0.0
lime,49,0.0,0.0,0.0,0.0,0.0,0.0,0.0,0.0,0.0,0.0
lime,50,0.0,0.0,0.0,0.0,0.0,0.0,0.0,0.0,0.0,0.0
lime,51,0.0,0.0,0.0,0.0,0.0,0.0,0.0,0.0,0.0,0.0
lime,52,0.0,0.0,0.0,0.0,0.0,0.0,0.0,0.0,0.0,0.0
lime,53,0.0,0.0,0.0,0.0,0.0,0.0,0.0,0.0,0.0,0.0
lime,54,0.0,0.0,0.0,0.0,0.0,0.0,0.0,0.0,0.0,0.0
lime,55,0.0,0.0,0.0,0.0,0.0,0.0,0.0,0.0,0.0,0.0
lime,56,0.0,0.0,0.0,0.0,0.0,0.0,0.0,0.0,0.0,0.0
lime,57,0.0,0.0,0.0,0.0,0.0,0.0,0.0,0.0,0.0,0.0
lime,58,0.0,0.0,0.0,0.0,0.0,0.0,0.0,0.0,0.0,0.0
lime,59,0.0,0.0,0.0,0.0,0.0,0.0,0.0,0.0,0.0,0.0
lime,60,0.0,0.0,0.0,0.0,0.0,0.0,0.0,0.0,0.0,0.0
lime,61,0.0,0.0,0.0,0.0,0.0,0.0,0.0,0.0,0.0,0.0
lime,62,0.0,0.0,0.0,0.0,0.0,0.0,0.0,0.0,0.0,0.0
lime,63,0.0,0.0,0.0,0.0,0.0,0.0,0.0,0.0,0.0,0.0
lime,64,0.0,0.0,0.0,0.0,0.0,0.0,0.0,0.0,0.0,0.0
lime,65,0.0,0.0,0.0,0.0,0.0,0.0,0.0,0.0,0.0,0.0
lime,66,0.0,0.0,0.0,0.0,0.0,0.0,0.0,0.0,0.0,0.0
lime,67,0.0,0.0,0.0,0.0,0.0,0.0,0.0,0.0,0.0,0.0
lime,68,0.0,0.0,0.0,0.0,0.0,0.0,0.0,0.0,0.0,0.0
lime,69,0.0,0.0,0.0,0.0,0.0,0.0,0.0,0.0,0.0,0.0
lime,70,0.0,0.0,0.0,0.0,0.0,0.0,0.0,0.0,0.0,0.0
lime,71,0.0,0.0,0.0,0.0,0.0,0.0,0.0,0.0,0.0,0.0
lime,72,0.0,0.0,0.0,0.0,0.0,0.0,0.0,0.0,0.0,0.0
lime,73,0.0,0.0,0.0,0.0,0.0,0.0,0.0,0.0,0.0,0.0
lime,74,0.0,0.0,0.0,0.0,0.0,0.0,0.0,0.0,0.0,0.0
lime,75,0.0,0.0,0.0,0.0,0.0,0.0,0.0,0.0,0.0,0.0
lime,76,0.0,0.0,0.0,0.0,0.0,0.0,0.0,0.0,0.0,0.0
lime,77,0.0,0.0,0.0,0.0,0.0,0.0,0.0,0.0,0.0,0.0
lime,78,0.0,0.0,0.0,0.0,0.0,0.0,0.0,0.0,0.0,0.0
lime,79,0.0,0.0,0.0,0.0,0.0,0.0,0.0,0.0,0.0,0.0
lime,80,0.0,0.0,0.0,0.0,0.0,0.0,0.0,0.0,0.0,0.0
lime,81,0.0,0.0,0.0,0.0,0.0,0.0,0.0,0.0,0.0,0.0
lime,82,0.0,0.0,0.0,0.0,0.0,0.0,0.0,0.0,0.0,0.0
lime,83,0.0,0.0,0.0,0.0,0.0,0.0,0.0,0.0,0.0,0.0
lime,84,0.0,0.0,0.0,0.0,0.0,0.0,0.0,0.0,0.0,0.0
lime,85,0.0,0.0,0.0,0.0,0.0,0.0,0.0,0.0,0.0,0.0
lime,86,0.0,0.0,0.0,0.0,0.0,0.0,0.0,0.0,0.0,0.0
lime,87,0.0,0.0,0.0,0.0,0.0,0.0,0.0,0.0,0.0,0.0
lime,88,0.0,0.0,0.0,0.0,0.0,0.0,0.0,0.0,0.0,0.0
lime,89,0.0,0.0,0.0,0.0,0.0,0.0,0.0,0.0,0.0,0.0
lime,90,0.0,0.0,0.0,0.0,0.0,0.0,0.0,0.0,0.0,0.0
lime,91,0.0,0.0,0.0,0.0,0.0,0.0,0.0,0.0,0.0,0.0
lime,92,0.0,0.0,0.0,0.0,0.0,0.0,0.0,0.0,0.0,0.0
lime,93,0.0,0.0,0.0,0.0,0.0,0.0,0.0,0.0,0.0,0.0
lime,94,0.0,0.0,0.0,0.0,0.0,0.0,0.0,0.0,0.0,0.0
lime,95,0.0,0.0,0.0,0.0,0.0,0.0,0.0,0.0,0.0,0.0
lime,96,0.0,0.0,0.0,0.0,0.0,0.0,0.0,0.0,0.0,0.0
lime,97,0.0,0.0,0.0,0.0,0.0,0.0,0.0,0.0,0.0,0.0
lime,98,0.0,0.0,0.0,0.0,0.0,0.0,0.0,0.0,0.0,0.0
lime,99,0.0,0.0,0.0,0.0,0.0,0.0,0.0,0.0,0.0,0.0
lime,100,0.0,0.0,0.0,0.0,0.0,0.0,0.0,0.0,0.0,0.0
lime,101,0.0,0.0,0.0,0.0,0.0,0.0,0.0,0.0,0.0,0.0
lime,102,0.0,0.0,0.0,0.0,0.0,0.0,0.0,0.0,0.0,0.0
lime,103,0.0,0.0,0.0,0.0,0.0,0.0,0.0,0.0,0.0,0.0
lime,104,0.0,0.0,0.0,0.0,0.0,0.0,0.0,0.0,0.0,0.0
lime,105,0.0,0.0,0.0,0.0,0.0,0.0,0.0,0.0,0.0,0.0
lime,106,0.0,0.0,0.0,0.0,0.0,0.0,0.0,0.0,0.0,0.0
lime,107,0.0,0.0,0.0,0.0,0.0,0.0,0.0,0.0,0.0,0.0
lime,108,0.0,0.0,0.0,0.0,0.0,0.0,0.0,0.0,0.0,0.0
lime,109,0.0,0.0,0.0,0.0,0.0,0.0,0.0,0.0,0.0,0.0
lime,110,0.0,0.0,0.0,0.0,0.0,0.0,0.0,0.0,0.0,0.0
lime,111,0.0,0.0,0.0,0.0,0.0,0.0,0.0,0.0,0.0,0.0
lime,112,0.0,0.0,0.0,0.0,0.0,0.0,0.0,0.0,0.0,0.0
lime,113,0.0,0.0,0.0,0.0,0.0,0.0,0.0,0.0,0.0,0.0
lime,114,0.0,0.0,0.0,0.0,0.0,0.0,0.0,0.0,0.0,0.0
lime,115,0.0,0.0,0.0,0.0,0.0,0.0,0.0,0.0,0.0,0.0
lime,116,0.0,0.0,0.0,0.0,0.0,0.0,0.0,0.0,0.0,0.0
lime,117,0.0,0.0,0.0,0.0,0.0,0.0,0.0,0.0,0.0,0.0
lime,118,0.0,0.0,0.0,0.0,0.0,0.0,0.0,0.0,0.0,0.0
lime,119,0.0,0.0,0.0,0.0,0.0,0.0,0.0,0.0,0.0,0.0
lime,120,0.0,0.0,0.0,0.0,0.0,0.0,0.0,0.0,0.0,0.0
lime,121,0.0,0.0,0.0,0.0,0.0,0.0,0.0,0.0,0.0,0.0
lime,122,0.0,0.0,0.0,0.0,0.0,0.0,0.0,0.0,0.0,0.0
lime,123,0.0,0.0,0.0,0.0,0.0,0.0,0.0,0.0,0.0,0.0
lime,124,0.0,0.0,0.0,0.0,0.0,0.0,0.0,0.0,0.0,0.0
lime,125,0.0,0.0,0.0,0.0,0.0,0.0,0.0,0.0,0.0,0.0
lime,126,0.0,0.0,0.0,0.0,0.0,0.0,0.0,0.0,0.0,0.0
lime,127,0.0,0.0,0.0,0.0,0.0,0.0,0.0,0.0,0.0,0.0
lime,128,0.0,0.0,0.0,0.0,0.0,0.0,0.0,0.0,0.0,0.0
lime,129,0.0,0.0,0.0,0.0,0.0,0.0,0.0,0.0,0.0,0.0
lime,130,0.0,0.0,0.0,0.0,0.0,0.0,0.0,0.0,0.0,0.0
lime,131,0.0,0.0,0.0,0.0,0.0,0.0,0.0,0.0,0.0,0.0
lime,132,0.0,0.0,0.0,0.0,0.0,0.0,0.0,0.0,0.0,0.0
lime,133,0.0,0.0,0.0,0.0,0.0,0.0,0.0,0.0,0.0,0.0
lime,134,0.0,0.0,0.0,0.0,0.0,0.0,0.0,0.0,0.0,0.0
lime,135,0.0,0.0,0.0,0.0,0.0,0.0,0.0,0.0,0.0,0.0
lime,136,0.0,0.0,0.0,0.0,0.0,0.0,0.0,0.0,0.0,0.0
lime,137,0.0,0.0,0.0,0.0,0.0,0.0,0.0,0.0,0.0,0.0
lime,138,0.0,0.0,0.0,0.0,0.0,0.0,0.0,0.0,0.0,0.0
lime,139,0.0,0.0,0.0,0.0,0.0,0.0,0.0,0.0,0.0,0.0
lime,140,0.0,0.0,0.0,0.0,0.0,0.0,0.0,0.0,0.0,0.0
lime,141,0.0,0.0,0.0,0.0,0.0,0.0,0.0,0.0,0.0,0.0
lime,142,0.0,0.0,0.0,0.0,0.0,0.0,0.0,0.0,0.0,0.0
lime,143,0.0,0.0,0.0,0.0,0.0,0.0,0.0,0.0,0.0,0.0
lime,144,0.0,0.0,0.0,0.0,0.0,0.0,0.0,0.0,0.0,0.0
lime,145,0.0,0.0,0.0,0.0,0.0,0.0,0.0,0.0,0.0,0.0
lime,146,0.0,0.0,0.0,0.0,0.0,0.0,0.0,0.0,0.0,0.0
lime,147,0.0,0.0,0.0,0.0,0.0,0.0,0.0,0.0,0.0,0.0
lime,148,0.0,0.0,0.0,0.0,0.0,0.0,0.0,0.0,0.0,0.0
lime,149,0.0,0.0,0.0,0.0,0.0,0.0,0.0,0.0,0.0,0.0
lime,150,0.0,0.0,0.0,0.0,0.0,0.0,0.0,0.0,0.0,0.0
lime,151,0.0,0.0,0.0,0.0,0.0,0.0,0.0,0.0,0.0,0.0
lime,152,0.0,0.0,0.0,0.0,0.0,0.0,0.0,0.0,0.0,0.0
lime,153,0.0,0.0,0.0,0.0,0.0,0.0,0.0,0.0,0.0,0.0
lime,154,0.0,0.0,0.0,0.0,0.0,0.0,0.0,0.0,0.0,0.0
lime,155,0.0,0.0,0.0,0.0,0.0,0.0,0.0,0.0,0.0,0.0
lime,156,0.0,0.0,0.0,0.0,0.0,0.0,0.0,0.0,0.0,0.0
lime,157,0.0,0.0,0.0,0.0,0.0,0.0,0.0,0.0,0.0,0.0
lime,158,0.0,0.0,0.0,0.0,0.0,0.0,0.0,0.0,0.0,0.0
lime,159,0.0,0.0,0.0,0.0,0.0,0.0,0.0,0.0,0.0,0.0
lime,160,0.0,0.0,0.0,0.0,0.0,0.0,0.0,0.0,0.0,0.0
lime,161,0.0,0.0,0.0,0.0,0.0,0.0,0.0,0.0,0.0,0.0
lime,162,0.0,0.0,0.0,0.0,0.0,0.0,0.0,0.0,0.0,0.0
lime,163,0.0,0.0,0.0,0.0,0.0,0.0,0.0,0.0,0.0,0.0
lime,164,0.0,0.0,0.0,0.0,0.0,0.0,0.0,0.0,0.0,0.0
lime,165,0.0,0.0,0.0,0.0,0.0,0.0,0.0,0.0,0.0,0.0
lime,166,0.0,0.0,0.0,0.0,0.0,0.0,0.0,0.0,0.0,0.0
lime,167,0.0,0.0,0.0,0.0,0.0,0.0,0.0,0.0,0.0,0.0
lime,168,0.0,0.0,0.0,0.0,0.0,0.0,0.0,0.0,0.0,0.0
lime,169,0.0,0.0,0.0,0.0,0.0,0.0,0.0,0.0,0.0,0.0
lime,170,0.0,0.0,0.0,0.0,0.0,0.0,0.0,0.0,0.0,0.0
lime,171,0.0,0.0,0.0,0.0,0.0,0.0,0.0,0.0,0.0,0.0
lime,172,0.0,0.0,0.0,0.0,0.0,0.0,0.0,0.0,0.0,0.0
lime,173,0.0,0.0,0.0,0.0,0.0,0.0,0.0,0.0,0.0,0.0
lime,174,0.0,0.0,0.0,0.0,0.0,0.0,0.0,0.0,0.0,0.0
lime,175,0.0,0.0,0.0,0.0,0.0,0.0,0.0,0.0,0.0,0.0
lime,176,0.0,0.0,0.0,0.0,0.0,0.0,0.0,0.0,0.0,0.0
lime,177,0.0,0.0,0.0,0.0,0.0,0.0,0.0,0.0,0.0,0.0
lime,178,0.0,0.0,0.0,0.0,0.0,0.0,0.0,0.0,0.0,0.0
lime,179,0.0,0.0,0.0,0.0,0.0,0.0,0.0,0.0,0.0,0.0
lime,180,0.0,0.0,0.0,0.0,0.0,0.0,0.0,0.0,0.0,0.0
lime,181,0.0,0.0,0.0,0.0,0.0,0.0,0.0,0.0,0.0,0.0
lime,182,0.0,0.0,0.0,0.0,0.0,0.0,0.0,0.0,0.0,0.0
lime,183,0.0,0.0,0.0,0.0,0.0,0.0,0.0,0.0,0.0,0.0
lime,184,0.0,0.0,0.0,0.0,0.0,0.0,0.0,0.0,0.0,0.0
lime,185,0.0,0.0,0.0,0.0,0.0,0.0,0.0,0.0,0.0,0.0
lime,186,0.0,0.0,0.0,0.0,0.0,0.0,0.0,0.0,0.0,0.0
lime,187,0.0,0.0,0.0,0.0,0.0,0.0,0.0,0.0,0.0,0.0
lime,188,0.0,0.0,0.0,0.0,0.0,0.0,0.0,0.0,0.0,0.0
lime,189,0.0,0.0,0.0,0.0,0.0,0.0,0.0,0.0,0.0,0.0
lime,190,0.0,0.0,0.0,0.0,0.0,0.0,0.0,0.0,0.0,0.0
lime,191,0.0,0.0,0.0,0.0,0.0,0.0,0.0,0.0,0.0,0.0
lime,192,0.0,0.0,0.0,0.0,0.0,0.0,0.0,0.0,0.0,0.0
lime,193,0.0,0.0,0.0,0.0,0.0,0.0,0.0,0.0,0.0,0.0
lime,194,0.0,0.0,0.0,0.0,0.0,0.0,0.0,0.0,0.0,0.0
lime,195,0.0,0.0,0.0,0.0,0.0,0.0,0.0,0.0,0.0,0.0
lime,196,0.0,0.0,0.0,0.0,0.0,0.0,0.0,0.0,0.0,0.0
lime,197,0.0,0.0,0.0,0.0,0.0,0.0,0.0,0.0,0.0,0.0
lime,198,0.0,0.0,0.0,0.0,0.0,0.0,0.0,0.0,0.0,0.0
lime,199,0.0,0.0,0.0,0.0,0.0,0.0,0.0,0.0,0.0,0.0
lime,200,0.0,0.0,0.0,0.0,0.0,0.0,0.0,0.0,0.0,0.0
lime,201,0.0,0.0,0.0,0.0,0.0,0.0,0.0,0.0,0.0,0.0
lime,202,0.0,0.0,0.0,0.0,0.0,0.0,0.0,0.0,0.0,0.0
lime,203,0.0,0.0,0.0,0.0,0.0,0.0,0.0,0.0,0.0,0.0
lime,204,0.0,0.0,0.0,0.0,0.0,0.0,0.0,0.0,0.0,0.0
lime,205,0.0,0.0,0.0,0.0,0.0,0.0,0.0,0.0,0.0,0.0
lime,206,0.0,0.0,0.0,0.0,0.0,0.0,0.0,0.0,0.0,0.0
lime,207,0.0,0.0,0.0,0.0,0.0,0.0,0.0,0.0,0.0,0.0
lime,208,0.0,0.0,0.0,0.0,0.0,0.0,0.0,0.0,0.0,0.0
lime,209,0.0,0.0,0.0,0.0,0.0,0.0,0.0,0.0,0.0,0.0
lime,210,0.0,0.0,0.0,0.0,0.0,0.0,0.0,0.0,0.0,0.0
lime,211,0.0,0.0,0.0,0.0,0.0,0.0,0.0,0.0,0.0,0.0
lime,212,0.0,0.0,0.0,0.0,0.0,0.0,0.0,0.0,0.0,0.0
lime,213,0.0,0.0,0.0,0.0,0.0,0.0,0.0,0.0,0.0,0.0
lime,214,0.0,0.0,0.0,0.0,0.0,0.0,0.0,0.0,0.0,0.0
lime,215,0.0,0.0,0.0,0.0,0.0,0.0,0.0,0.0,0.0,0.0
lime,216,0.0,0.0,0.0,0.0,0.0,0.0,0.0,0.0,0.0,0.0
lime,217,0.0,0.0,0.0,0.0,0.0,0.0,0.0,0.0,0.0,0.0
lime,218,0.0,0.0,0.0,0.0,0.0,0.0,0.0,0.0,0.0,0.0
lime,219,0.0,0.0,0.0,0.0,0.0,0.0,0.0,0.0,0.0,0.0
lime,220,0.0,0.0,0.0,0.0,0.0,0.0,0.0,0.0,0.0,0.0
lime,221,0.0,0.0,0.0,0.0,0.0,0.0,0.0,0.0,0.0,0.0
lime,222,0.0,0.0,0.0,0.0,0.0,0.0,0.0,0.0,0.0,0.0
lime,223,0.0,0.0,0.0,0.0,0.0,0.0,0.0,0.0,0.0,0.0
lime,224,0.0,0.0,0.0,0.0,0.0,0.0,0.0,0.0,0.0,0.0
lime,225,0.0,0.0,0.0,0.0,0.0,0.0,0.0,0.0,0.0,0.0
lime,226,0.0,0.0,0.0,0.0,0.0,0.0,0.0,0.0,0.0,0.0
lime,227,0.0,0.0,0.0,0.0,0.0,0.0,0.0,0.0,0.0,0.0
lime,228,0.0,0.0,0.0,0.0,0.0,0.0,0.0,0.0,0.0,0.0
lime,229,0.0,0.0,0.0,0.0,0.0,0.0,0.0,0.0,0.0,0.0
lime,230,0.0,0.0,0.0,0.0,0.0,0.0,0.0,0.0,0.0,0.0
lime,231,0.0,0.0,0.0,0.0,0.0,0.0,0.0,0.0,0.0,0.0
lime,232,0.0,0.0,0.0,0.0,0.0,0.0,0.0,0.0,0.0,0.0
lime,233,0.0,0.0,0.0,0.0,0.0,0.0,0.0,0.0,0.0,0.0
lime,234,0.0,0.0,0.0,0.0,0.0,0.0,0.0,0.0,0.0,0.0
lime,235,0.0,0.0,0.0,0.0,0.0,0.0,0.0,0.0,0.0,0.0
lime,236,0.0,0.0,0.0,0.0,0.0,0.0,0.0,0.0,0.0,0.0
lime,237,0.0,0.0,0.0,0.0,0.0,0.0,0.0,0.0,0.0,0.0
lime,238,0.0,0.0,0.0,0.0,0.0,0.0,0.0,0.0,0.0,0.0
lime,239,0.0,0.0,0.0,0.0,0.0,0.0,0.0,0.0,0.0,0.0
lime,240,0.0,0.0,0.0,0.0,0.0,0.0,0.0,0.0,0.0,0.0
lime,241,0.0,0.0,0.0,0.0,0.0,0.0,0.0,0.0,0.0,0.0
lime,242,0.0,0.0,0.0,0.0,0.0,0.0,0.0,0.0,0.0,0.0
lime,243,0.0,0.0,0.0,0.0,0.0,0.0,0.0,0.0,0.0,0.0
lime,244,0.0,0.0,0.0,0.0,0.0,0.0,0.0,0.0,0.0,0.0
lime,245,0.0,0.0,0.0,0.0,0.0,0.0,0.0,0.0,0.0,0.0
lime,246,0.0,0.0,0.0,0.0,0.0,0.0,0.0,0.0,0.0,0.0
lime,247,0.0,0.0,0.0,0.0,0.0,0.0,0.0,0.0,0.0,0.0
lime,248,0.0,0.0,0.0,0.0,0.0,0.0,0.0,0.0,0.0,0.0
lime,249,0.0,0.0,0.0,0.0,0.0,0.0,0.0,0.0,0.0,0.0
lime,250,0.0,0.0,0.0,0.0,0.0,0.0,0.0,0.0,0.0,0.0
lime,251,0.0,0.0,0.0,0.0,0.0,0.0,0.0,0.0,0.0,0.0
lime,252,0.0,0.0,0.0,0.0,0.0,0.0,0.0,0.0,0.0,0.0
lime,253,0.0,0.0,0.0,0.0,0.0,0.0,0.0,0.0,0.0,0.0
lime,254,0.0,0.0,0.0,0.0,0.0,0.0,0.0,0.0,0.0,0.0
lime,255,0.0,0.0,0.0,0.0,0.0,0.0,0.0,0.0,0.0,0.0
lime,256,0.0,0.0,0.0,0.0,0.0,0.0,0.0,0.0,0.0,0.0
lime,257,0.0,0.0,0.0,0.0,0.0,0.0,0.0,0.0,0.0,0.0
lime,258,0.0,0.0,0.0,0.0,0.0,0.0,0.0,0.0,0.0,0.0
lime,259,0.0,0.0,0.0,0.0,0.0,0.0,0.0,0.0,0.0,0.0
lime,260,0.0,0.0,0.0,0.0,0.0,0.0,0.0,0.0,0.0,0.0
lime,261,0.0,0.0,0.0,0.0,0.0,0.0,0.0,0.0,0.0,0.0
lime,262,0.0,0.0,0.0,0.0,0.0,0.0,0.0,0.0,0.0,0.0
lime,263,0.0,0.0,0.0,0.0,0.0,0.0,0.0,0.0,0.0,0.0
lime,264,0.0,0.0,0.0,0.0,0.0,0.0,0.0,0.0,0.0,0.0
lime,265,0.0,0.0,0.0,0.0,0.0,0.0,0.0,0.0,0.0,0.0
lime,266,0.0,0.0,0.0,0.0,0.0,0.0,0.0,0.0,0.0,0.0
lime,267,0.0,0.0,0.0,0.0,0.0,0.0,0.0,0.0,0.0,0.0
lime,268,0.0,0.0,0.0,0.0,0.0,0.0,0.0,0.0,0.0,0.0
lime,269,0.0,0.0,0.0,0.0,0.0,0.0,0.0,0.0,0.0,0.0
lime,270,0.0,0.0,0.0,0.0,0.0,0.0,0.0,0.0,0.0,0.0
lime,271,0.0,0.0,0.0,0.0,0.0,0.0,0.0,0.0,0.0,0.0
lime,272,0.0,0.0,0.0,0.0,0.0,0.0,0.0,0.0,0.0,0.0
lime,273,0.0,0.0,0.0,0.0,0.0,0.0,0.0,0.0,0.0,0.0
lime,274,0.0,0.0,0.0,0.0,0.0,0.0,0.0,0.0,0.0,0.0
lime,275,0.0,0.0,0.0,0.0,0.0,0.0,0.0,0.0,0.0,0.0
lime,276,0.0,0.0,0.0,0.0,0.0,0.0,0.0,0.0,0.0,0.0
lime,277,0.0,0.0,0.0,0.0,0.0,0.0,0.0,0.0,0.0,0.0
lime,278,0.0,0.0,0.0,0.0,0.0,0.0,0.0,0.0,0.0,0.0
lime,279,0.0,0.0,0.0,0.0,0.0,0.0,0.0,0.0,0.0,0.0
lime,280,0.0,0.0,0.0,0.0,0.0,0.0,0.0,0.0,0.0,0.0
lime,281,0.0,0.0,0.0,0.0,0.0,0.0,0.0,0.0,0.0,0.0
lime,282,0.0,0.0,0.0,0.0,0.0,0.0,0.0,0.0,0.0,0.0
lime,283,0.0,0.0,0.0,0.0,0.0,0.0,0.0,0.0,0.0,0.0
lime,284,0.0,0.0,0.0,0.0,0.0,0.0,0.0,0.0,0.0,0.0
lime,285,0.0,0.0,0.0,0.0,0.0,0.0,0.0,0.0,0.0,0.0
lime,286,0.0,0.0,0.0,0.0,0.0,0.0,0.0,0.0,0.0,0.0
lime,287,0.0,0.0,0.0,0.0,0.0,0.0,0.0,0.0,0.0,0.0
lime,288,0.0,0.0,0.0,0.0,0.0,0.0,0.0,0.0,0.0,0.0
lime,289,0.0,0.0,0.0,0.0,0.0,0.0,0.0,0.0,0.0,0.0
lime,290,0.0,0.0,0.0,0.0,0.0,0.0,0.0,0.0,0.0,0.0
lime,291,0.0,0.0,0.0,0.0,0.0,0.0,0.0,0.0,0.0,0.0
lime,292,0.0,0.0,0.0,0.0,0.0,0.0,0.0,0.0,0.0,0.0
lime,293,0.0,0.0,0.0,0.0,0.0,0.0,0.0,0.0,0.0,0.0
lime,294,0.0,0.0,0.0,0.0,0.0,0.0,0.0,0.0,0.0,0.0
lime,295,0.0,0.0,0.0,0.0,0.0,0.0,0.0,0.0,0.0,0.0
lime,296,0.0,0.0,0.0,0.0,0.0,0.0,0.0,0.0,0.0,0.0
lime,297,0.0,0.0,0.0,0.0,0.0,0.0,0.0,0.0,0.0,0.0
lime,298,0.0,0.0,0.0,0.0,0.0,0.0,0.0,0.0,0.0,0.0
lime,299,0.0,0.0,0.0,0.0,0.0,0.0,0.0,0.0,0.0,0.0
lime,300,0.0,0.0,0.0,0.0,0.0,0.0,0.0,0.0,0.0,0.0
lime,301,0.0,0.0,0.0,0.0,0.0,0.0,0.0,0.0,0.0,0.0
lime,302,0.0,0.0,0.0,0.0,0.0,0.0,0.0,0.0,0.0,0.0
lime,303,0.0,0.0,0.0,0.0,0.0,0.0,0.0,0.0,0.0,0.0
lime,304,0.0,0.0,0.0,0.0,0.0,0.0,0.0,0.0,0.0,0.0
lime,305,0.0,0.0,0.0,0.0,0.0,0.0,0.0,0.0,0.0,0.0
lime,306,0.0,0.0,0.0,0.0,0.0,0.0,0.0,0.0,0.0,0.0
lime,307,0.0,0.0,0.0,0.0,0.0,0.0,0.0,0.0,0.0,0.0
lime,308,0.0,0.0,0.0,0.0,0.0,0.0,0.0,0.0,0.0,0.0
lime,309,0.0,0.0,0.0,0.0,0.0,0.0,0.0,0.0,0.0,0.0
lime,310,0.0,0.0,0.0,0.0,0.0,0.0,0.0,0.0,0.0,0.0
lime,311,0.0,0.0,0.0,0.0,0.0,0.0,0.0,0.0,0.0,0.0
lime,312,0.0,0.0,0.0,0.0,0.0,0.0,0.0,0.0,0.0,0.0
lime,313,0.0,0.0,0.0,0.0,0.0,0.0,0.0,0.0,0.0,0.0
lime,314,0.0,0.0,0.0,0.0,0.0,0.0,0.0,0.0,0.0,0.0
lime,315,0.0,0.0,0.0,0.0,0.0,0.0,0.0,0.0,0.0,0.0
lime,316,0.0,0.0,0.0,0.0,0.0,0.0,0.0,0.0,0.0,0.0
lime,317,0.0,0.0,0.0,0.0,0.0,0.0,0.0,0.0,0.0,0.0
lime,318,0.0,0.0,0.0,0.0,0.0,0.0,0.0,0.0,0.0,0.0
lime,319,0.0,0.0,0.0,0.0,0.0,0.0,0.0,0.0,0.0,0.0
lime,320,0.0,0.0,0.0,0.0,0.0,0.0,0.0,0.0,0.0,0.0
lime,321,0.0,0.0,0.0,0.0,0.0,0.0,0.0,0.0,0.0,0.0
lime,322,0.0,0.0,0.0,0.0,0.0,0.0,0.0,0.0,0.0,0.0
lime,323,0.0,0.0,0.0,0.0,0.0,0.0,0.0,0.0,0.0,0.0
lime,324,0.0,0.0,0.0,0.0,0.0,0.0,0.0,0.0,0.0,0.0
lime,325,0.0,0.0,0.0,0.0,0.0,0.0,0.0,0.0,0.0,0.0
lime,326,0.0,0.0,0.0,0.0,0.0,0.0,0.0,0.0,0.0,0.0
lime,327,0.0,0.0,0.0,0.0,0.0,0.0,0.0,0.0,0.0,0.0
lime,328,0.0,0.0,0.0,0.0,0.0,0.0,0.0,0.0,0.0,0.0
lime,329,0.0,0.0,0.0,0.0,0.0,0.0,0.0,0.0,0.0,0.0
lime,330,0.0,0.0,0.0,0.0,0.0,0.0,0.0,0.0,0.0,0.0
lime,331,0.0,0.0,0.0,0.0,0.0,0.0,0.0,0.0,0.0,0.0
lime,332,0.0,0.0,0.0,0.0,0.0,0.0,0.0,0.0,0.0,0.0
lime,333,0.0,0.0,0.0,0.0,0.0,0.0,0.0,0.0,0.0,0.0
lime,334,0.0,0.0,0.0,0.0,0.0,0.0,0.0,0.0,0.0,0.0
lime,335,0.0,0.0,0.0,0.0,0.0,0.0,0.0,0.0,0.0,0.0
lime,336,0.0,0.0,0.0,0.0,0.0,0.0,0.0,0.0,0.0,0.0
lime,337,0.0,0.0,0.0,0.0,0.0,0.0,0.0,0.0,0.0,0.0
lime,338,0.0,0.0,0.0,0.0,0.0,0.0,0.0,0.0,0.0,0.0
lime,339,0.0,0.0,0.0,0.0,0.0,0.0,0.0,0.0,0.0,0.0
lime,340,0.0,0.0,0.0,0.0,0.0,0.0,0.0,0.0,0.0,0.0
lime,341,0.0,0.0,0.0,0.0,0.0,0.0,0.0,0.0,0.0,0.0
lime,342,0.0,0.0,0.0,0.0,0.0,0.0,0.0,0.0,0.0,0.0
lime,343,0.0,0.0,0.0,0.0,0.0,0.0,0.0,0.0,0.0,0.0
lime,344,0.0,0.0,0.0,0.0,0.0,0.0,0.0,0.0,0.0,0.0
lime,345,0.0,0.0,0.0,0.0,0.0,0.0,0.0,0.0,0.0,0.0
lime,346,0.0,0.0,0.0,0.0,0.0,0.0,0.0,0.0,0.0,0.0
lime,347,0.0,0.0,0.0,0.0,0.0,0.0,0.0,0.0,0.0,0.0
lime,348,0.0,0.0,0.0,0.0,0.0,0.0,0.0,0.0,0.0,0.0
lime,349,0.0,0.0,0.0,0.0,0.0,0.0,0.0,0.0,0.0,0.0
lime,350,0.0,0.0,0.0,0.0,0.0,0.0,0.0,0.0,0.0,0.0
lime,351,0.0,0.0,0.0,0.0,0.0,0.0,0.0,0.0,0.0,0.0
lime,352,0.0,0.0,0.0,0.0,0.0,0.0,0.0,0.0,0.0,0.0
lime,353,0.0,0.0,0.0,0.0,0.0,0.0,0.0,0.0,0.0,0.0
lime,354,0.0,0.0,0.0,0.0,0.0,0.0,0.0,0.0,0.0,0.0
lime,355,0.0,0.0,0.0,0.0,0.0,0.0,0.0,0.0,0.0,0.0
lime,356,0.0,0.0,0.0,0.0,0.0,0.0,0.0,0.0,0.0,0.0
lime,357,0.0,0.0,0.0,0.0,0.0,0.0,0.0,0.0,0.0,0.0
lime,358,0.0,0.0,0.0,0.0,0.0,0.0,0.0,0.0,0.0,0.0
lime,359,0.0,0.0,0.0,0.0,0.0,0.0,0.0,0.0,0.0,0.0
lime,360,0.0,0.0,0.0,0.0,0.0,0.0,0.0,0.0,0.0,0.0
lime,361,0.0,0.0,0.0,0.0,0.0,0.0,0.0,0.0,0.0,0.0
lime,362,0.0,0.0,0.0,0.0,0.0,0.0,0.0,0.0,0.0,0.0
lime,363,0.0,0.0,0.0,0.0,0.0,0.0,0.0,0.0,0.0,0.0
lime,364,0.0,0.0,0.0,0.0,0.0,0.0,0.0,0.0,0.0,0.0
lime,365,0.0,0.0,0.0,0.0,0.0,0.0,0.0,0.0,0.0,0.0
lime,366,0.0,0.0,0.0,0.0,0.0,0.0,0.0,0.0,0.0,0.0
lime,367,0.0,0.0,0.0,0.0,0.0,0.0,0.0,0.0,0.0,0.0
lime,368,0.0,0.0,0.0,0.0,0.0,0.0,0.0,0.0,0.0,0.0
lime,369,0.0,0.0,0.0,0.0,0.0,0.0,0.0,0.0,0.0,0.0
lime,370,0.0,0.0,0.0,0.0,0.0,0.0,0.0,0.0,0.0,0.0
lime,371,0.0,0.0,0.0,0.0,0.0,0.0,0.0,0.0,0.0,0.0
lime,372,0.0,0.0,0.0,0.0,0.0,0.0,0.0,0.0,0.0,0.0
lime,373,0.0,0.0,0.0,0.0,0.0,0.0,0.0,0.0,0.0,0.0
lime,374,0.0,0.0,0.0,0.0,0.0,0.0,0.0,0.0,0.0,0.0
lime,375,0.0,0.0,0.0,0.0,0.0,0.0,0.0,0.0,0.0,0.0
lime,376,0.0,0.0,0.0,0.0,0.0,0.0,0.0,0.0,0.0,0.0
lime,377,0.0,0.0,0.0,0.0,0.0,0.0,0.0,0.0,0.0,0.0
lime,378,0.0,0.0,0.0,0.0,0.0,0.0,0.0,0.0,0.0,0.0
lime,379,0.0,0.0,0.0,0.0,0.0,0.0,0.0,0.0,0.0,0.0
lime,380,0.0,0.0,0.0,0.0,0.0,0.0,0.0,0.0,0.0,0.0
lime,381,0.0,0.0,0.0,0.0,0.0,0.0,0.0,0.0,0.0,0.0
lime,382,0.0,0.0,0.0,0.0,0.0,0.0,0.0,0.0,0.0,0.0
lime,383,0.0,0.0,0.0,0.0,0.0,0.0,0.0,0.0,0.0,0.0
lime,384,0.0,0.0,0.0,0.0,0.0,0.0,0.0,0.0,0.0,0.0
lime,385,0.0,0.0,0.0,0.0,0.0,0.0,0.0,0.0,0.0,0.0
lime,386,0.0,0.0,0.0,0.0,0.0,0.0,0.0,0.0,0.0,0.0
lime,387,0.0,0.0,0.0,0.0,0.0,0.0,0.0,0.0,0.0,0.0
lime,388,0.0,0.0,0.0,0.0,0.0,0.0,0.0,0.0,0.0,0.0
lime,389,0.0,0.0,0.0,0.0,0.0,0.0,0.0,0.0,0.0,0.0
lime,390,0.0,0.0,0.0,0.0,0.0,0.0,0.0,0.0,0.0,0.0
lime,391,0.0,0.0,0.0,0.0,0.0,0.0,0.0,0.0,0.0,0.0
lime,392,0.0,0.0,0.0,0.0,0.0,0.0,0.0,0.0,0.0,0.0
lime,393,0.0,0.0,0.0,0.0,0.0,0.0,0.0,0.0,0.0,0.0
lime,394,0.0,0.0,0.0,0.0,0.0,0.0,0.0,0.0,0.0,0.0
lime,395,0.0,0.0,0.0,0.0,0.0,0.0,0.0,0.0,0.0,0.0
lime,396,0.0,0.0,0.0,0.0,0.0,0.0,0.0,0.0,0.0,0.0
lime,397,0.0,0.0,0.0,0.0,0.0,0.0,0.0,0.0,0.0,0.0
lime,398,0.0,0.0,0.0,0.0,0.0,0.0,0.0,0.0,0.0,0.0
lime,399,0.0,0.0,0.0,0.0,0.0,0.0,0.0,0.0,0.0,0.0
lime,400,0.0,0.0,0.0,0.0,0.0,0.0,0.0,0.0,0.0,0.0
lime,401,0.0,0.0,0.0,0.0,0.0,0.0,0.0,0.0,0.0,0.0
lime,402,0.0,0.0,0.0,0.0,0.0,0.0,0.0,0.0,0.0,0.0
lime,403,0.0,0.0,0.0,0.0,0.0,0.0,0.0,0.0,0.0,0.0
lime,404,0.0,0.0,0.0,0.0,0.0,0.0,0.0,0.0,0.0,0.0
lime,405,0.0,0.0,0.0,0.0,0.0,0.0,0.0,0.0,0.0,0.0
lime,406,0.0,0.0,0.0,0.0,0.0,0.0,0.0,0.0,0.0,0.0
lime,407,0.0,0.0,0.0,0.0,0.0,0.0,0.0,0.0,0.0,0.0
lime,408,0.0,0.0,0.0,0.0,0.0,0.0,0.0,0.0,0.0,0.0
lime,409,0.0,0.0,0.0,0.0,0.0,0.0,0.0,0.0,0.0,0.0
lime,410,0.0,0.0,0.0,0.0,0.0,0.0,0.0,0.0,0.0,0.0
lime,411,0.0,0.0,0.0,0.0,0.0,0.0,0.0,0.0,0.0,0.0
lime,412,0.0,0.0,0.0,0.0,0.0,0.0,0.0,0.0,0.0,0.0
lime,413,0.0,0.0,0.0,0.0,0.0,0.0,0.0,0.0,0.0,0.0
lime,414,0.0,0.0,0.0,0.0,0.0,0.0,0.0,0.0,0.0,0.0
lime,415,0.0,0.0,0.0,0.0,0.0,0.0,0.0,0.0,0.0,0.0
lime,416,0.0,0.0,0.0,0.0,0.0,0.0,0.0,0.0,0.0,0.0
lime,417,0.0,0.0,0.0,0.0,0.0,0.0,0.0,0.0,0.0,0.0
lime,418,0.0,0.0,0.0,0.0,0.0,0.0,0.0,0.0,0.0,0.0
lime,419,0.0,0.0,0.0,0.0,0.0,0.0,0.0,0.0,0.0,0.0
lime,420,0.0,0.0,0.0,0.0,0.0,0.0,0.0,0.0,0.0,0.0
lime,421,0.0,0.0,0.0,0.0,0.0,0.0,0.0,0.0,0.0,0.0
lime,422,0.0,0.0,0.0,0.0,0.0,0.0,0.0,0.0,0.0,0.0
lime,423,0.0,0.0,0.0,0.0,0.0,0.0,0.0,0.0,0.0,0.0
lime,424,0.0,0.0,0.0,0.0,0.0,0.0,0.0,0.0,0.0,0.0
lime,425,0.0,0.0,0.0,0.0,0.0,0.0,0.0,0.0,0.0,0.0
lime,426,0.0,0.0,0.0,0.0,0.0,0.0,0.0,0.0,0.0,0.0
lime,427,0.0,0.0,0.0,0.0,0.0,0.0,0.0,0.0,0.0,0.0
lime,428,0.0,0.0,0.0,0.0,0.0,0.0,0.0,0.0,0.0,0.0
lime,429,0.0,0.0,0.0,0.0,0.0,0.0,0.0,0.0,0.0,0.0
lime,430,0.0,0.0,0.0,0.0,0.0,0.0,0.0,0.0,0.0,0.0
lime,431,0.0,0.0,0.0,0.0,0.0,0.0,0.0,0.0,0.0,0.0
lime,432,0.0,0.0,0.0,0.0,0.0,0.0,0.0,0.0,0.0,0.0
lime,433,0.0,0.0,0.0,0.0,0.0,0.0,0.0,0.0,0.0,0.0
lime,434,0.0,0.0,0.0,0.0,0.0,0.0,0.0,0.0,0.0,0.0
lime,435,0.0,0.0,0.0,0.0,0.0,0.0,0.0,0.0,0.0,0.0
lime,436,0.0,0.0,0.0,0.0,0.0,0.0,0.0,0.0,0.0,0.0
lime,437,0.0,0.0,0.0,0.0,0.0,0.0,0.0,0.0,0.0,0.0
lime,438,0.0,0.0,0.0,0.0,0.0,0.0,0.0,0.0,0.0,0.0
lime,439,0.0,0.0,0.0,0.0,0.0,0.0,0.0,0.0,0.0,0.0
lime,440,0.0,0.0,0.0,0.0,0.0,0.0,0.0,0.0,0.0,0.0
lime,441,0.0,0.0,0.0,0.0,0.0,0.0,0.0,0.0,0.0,0.0
